../../Instancias/Spd_Inst_Rid_Final/Spd_RF2_1000_1047_6011.txt;1000;1047;190.831;
../../Instancias/Spd_Inst_Rid_Final/Spd_RF2_1000_1047_6019.txt;1000;1047;190.831;
../../Instancias/Spd_Inst_Rid_Final/Spd_RF2_1000_1047_6027.txt;1000;1047;190.831;
../../Instancias/Spd_Inst_Rid_Final/Spd_RF2_1000_1047_6035.txt;1000;1047;190.831;
../../Instancias/Spd_Inst_Rid_Final/Spd_RF2_1000_1047_6043.txt;1000;1047;190.831;
../../Instancias/Spd_Inst_Rid_Final/Spd_RF2_1000_1095_6051.txt;1000;1095;182.466;
../../Instancias/Spd_Inst_Rid_Final/Spd_RF2_1000_1095_6059.txt;1000;1095;182.466;
../../Instancias/Spd_Inst_Rid_Final/Spd_RF2_1000_1095_6067.txt;1000;1095;182.466;
../../Instancias/Spd_Inst_Rid_Final/Spd_RF2_1000_1095_6075.txt;1000;1095;182.466;
../../Instancias/Spd_Inst_Rid_Final/Spd_RF2_1000_1095_6083.txt;1000;1095;182.466;
../../Instancias/Spd_Inst_Rid_Final/Spd_RF2_1000_1143_6091.txt;1000;1143;174.803;
../../Instancias/Spd_Inst_Rid_Final/Spd_RF2_1000_1143_6099.txt;1000;1143;174.803;
../../Instancias/Spd_Inst_Rid_Final/Spd_RF2_1000_1143_6107.txt;1000;1143;174.803;
../../Instancias/Spd_Inst_Rid_Final/Spd_RF2_1000_1143_6115.txt;1000;1143;174.803;
../../Instancias/Spd_Inst_Rid_Final/Spd_RF2_1000_1143_6123.txt;1000;1143;174.803;
../../Instancias/Spd_Inst_Rid_Final/Spd_RF2_1000_1191_6131.txt;1000;1191;167.758;
../../Instancias/Spd_Inst_Rid_Final/Spd_RF2_1000_1191_6139.txt;1000;1191;167.758;
../../Instancias/Spd_Inst_Rid_Final/Spd_RF2_1000_1191_6147.txt;1000;1191;167.758;
../../Instancias/Spd_Inst_Rid_Final/Spd_RF2_1000_1191_6155.txt;1000;1191;167.758;
../../Instancias/Spd_Inst_Rid_Final/Spd_RF2_1000_1191_6163.txt;1000;1191;167.758;
../../Instancias/Spd_Inst_Rid_Final/Spd_RF2_1000_1239_6171.txt;1000;1239;161.259;
../../Instancias/Spd_Inst_Rid_Final/Spd_RF2_1000_1239_6179.txt;1000;1239;161.259;
../../Instancias/Spd_Inst_Rid_Final/Spd_RF2_1000_1239_6187.txt;1000;1239;161.259;
../../Instancias/Spd_Inst_Rid_Final/Spd_RF2_1000_1239_6195.txt;1000;1239;161.259;
../../Instancias/Spd_Inst_Rid_Final/Spd_RF2_1000_1239_6203.txt;1000;1239;161.259;
../../Instancias/Spd_Inst_Rid_Final/Spd_RF2_100_114_1811.txt;100;114;17.3684;
../../Instancias/Spd_Inst_Rid_Final/Spd_RF2_100_114_1819.txt;100;114;17.3684;
../../Instancias/Spd_Inst_Rid_Final/Spd_RF2_100_114_1827.txt;100;114;17.3684;
../../Instancias/Spd_Inst_Rid_Final/Spd_RF2_100_114_1835.txt;100;114;17.3684;
../../Instancias/Spd_Inst_Rid_Final/Spd_RF2_100_114_1843.txt;100;114;17.3684;
../../Instancias/Spd_Inst_Rid_Final/Spd_RF2_100_129_1851.txt;100;129;15.3488;
../../Instancias/Spd_Inst_Rid_Final/Spd_RF2_100_129_1859.txt;100;129;15.3488;
../../Instancias/Spd_Inst_Rid_Final/Spd_RF2_100_129_1867.txt;100;129;15.3488;
../../Instancias/Spd_Inst_Rid_Final/Spd_RF2_100_129_1875.txt;100;129;15.3488;
../../Instancias/Spd_Inst_Rid_Final/Spd_RF2_100_129_1883.txt;100;129;15.3488;
../../Instancias/Spd_Inst_Rid_Final/Spd_RF2_100_144_1891.txt;100;144;13.75;
../../Instancias/Spd_Inst_Rid_Final/Spd_RF2_100_144_1899.txt;100;144;13.75;
../../Instancias/Spd_Inst_Rid_Final/Spd_RF2_100_144_1907.txt;100;144;13.75;
../../Instancias/Spd_Inst_Rid_Final/Spd_RF2_100_144_1915.txt;100;144;13.75;
../../Instancias/Spd_Inst_Rid_Final/Spd_RF2_100_144_1923.txt;100;144;13.75;
../../Instancias/Spd_Inst_Rid_Final/Spd_RF2_100_159_1931.txt;100;159;12.4528;
../../Instancias/Spd_Inst_Rid_Final/Spd_RF2_100_159_1939.txt;100;159;12.4528;
../../Instancias/Spd_Inst_Rid_Final/Spd_RF2_100_159_1947.txt;100;159;12.4528;
../../Instancias/Spd_Inst_Rid_Final/Spd_RF2_100_159_1955.txt;100;159;12.4528;
../../Instancias/Spd_Inst_Rid_Final/Spd_RF2_100_159_1963.txt;100;159;12.4528;
../../Instancias/Spd_Inst_Rid_Final/Spd_RF2_100_174_1971.txt;100;174;11.3793;
../../Instancias/Spd_Inst_Rid_Final/Spd_RF2_100_174_1979.txt;100;174;11.3793;
../../Instancias/Spd_Inst_Rid_Final/Spd_RF2_100_174_1987.txt;100;174;11.3793;
../../Instancias/Spd_Inst_Rid_Final/Spd_RF2_100_174_1995.txt;100;174;11.3793;
../../Instancias/Spd_Inst_Rid_Final/Spd_RF2_100_174_2003.txt;100;174;11.3793;
../../Instancias/Spd_Inst_Rid_Final/Spd_RF2_120_136_2211.txt;120;136;21;
../../Instancias/Spd_Inst_Rid_Final/Spd_RF2_120_136_2219.txt;120;136;21;
../../Instancias/Spd_Inst_Rid_Final/Spd_RF2_120_136_2227.txt;120;136;21;
../../Instancias/Spd_Inst_Rid_Final/Spd_RF2_120_136_2235.txt;120;136;21;
../../Instancias/Spd_Inst_Rid_Final/Spd_RF2_120_136_2243.txt;120;136;21;
../../Instancias/Spd_Inst_Rid_Final/Spd_RF2_120_152_2251.txt;120;152;18.7895;
../../Instancias/Spd_Inst_Rid_Final/Spd_RF2_120_152_2259.txt;120;152;18.7895;
../../Instancias/Spd_Inst_Rid_Final/Spd_RF2_120_152_2267.txt;120;152;18.7895;
../../Instancias/Spd_Inst_Rid_Final/Spd_RF2_120_152_2275.txt;120;152;18.7895;
../../Instancias/Spd_Inst_Rid_Final/Spd_RF2_120_152_2283.txt;120;152;18.7895;
../../Instancias/Spd_Inst_Rid_Final/Spd_RF2_120_169_2291.txt;120;169;16.8994;
../../Instancias/Spd_Inst_Rid_Final/Spd_RF2_120_169_2299.txt;120;169;16.8994;
../../Instancias/Spd_Inst_Rid_Final/Spd_RF2_120_169_2307.txt;120;169;16.8994;
../../Instancias/Spd_Inst_Rid_Final/Spd_RF2_120_169_2315.txt;120;169;16.8994;
../../Instancias/Spd_Inst_Rid_Final/Spd_RF2_120_169_2323.txt;120;169;16.8994;
../../Instancias/Spd_Inst_Rid_Final/Spd_RF2_120_185_2331.txt;120;185;15.4378;
../../Instancias/Spd_Inst_Rid_Final/Spd_RF2_120_185_2339.txt;120;185;15.4378;
../../Instancias/Spd_Inst_Rid_Final/Spd_RF2_120_185_2347.txt;120;185;15.4378;
../../Instancias/Spd_Inst_Rid_Final/Spd_RF2_120_185_2355.txt;120;185;15.4378;
../../Instancias/Spd_Inst_Rid_Final/Spd_RF2_120_185_2363.txt;120;185;15.4378;
../../Instancias/Spd_Inst_Rid_Final/Spd_RF2_120_202_2371.txt;120;202;14.1386;
../../Instancias/Spd_Inst_Rid_Final/Spd_RF2_120_202_2379.txt;120;202;14.1386;
../../Instancias/Spd_Inst_Rid_Final/Spd_RF2_120_202_2387.txt;120;202;14.1386;
../../Instancias/Spd_Inst_Rid_Final/Spd_RF2_120_202_2395.txt;120;202;14.1386;
../../Instancias/Spd_Inst_Rid_Final/Spd_RF2_120_202_2403.txt;120;202;14.1386;
../../Instancias/Spd_Inst_Rid_Final/Spd_RF2_140_157_2611.txt;140;157;24.7898;
../../Instancias/Spd_Inst_Rid_Final/Spd_RF2_140_157_2619.txt;140;157;24.7898;
../../Instancias/Spd_Inst_Rid_Final/Spd_RF2_140_157_2627.txt;140;157;24.7898;
../../Instancias/Spd_Inst_Rid_Final/Spd_RF2_140_157_2635.txt;140;157;24.7898;
../../Instancias/Spd_Inst_Rid_Final/Spd_RF2_140_157_2643.txt;140;157;24.7898;
../../Instancias/Spd_Inst_Rid_Final/Spd_RF2_140_175_2651.txt;140;175;22.24;
../../Instancias/Spd_Inst_Rid_Final/Spd_RF2_140_175_2659.txt;140;175;22.24;
../../Instancias/Spd_Inst_Rid_Final/Spd_RF2_140_175_2667.txt;140;175;22.24;
../../Instancias/Spd_Inst_Rid_Final/Spd_RF2_140_175_2675.txt;140;175;22.24;
../../Instancias/Spd_Inst_Rid_Final/Spd_RF2_140_175_2683.txt;140;175;22.24;
../../Instancias/Spd_Inst_Rid_Final/Spd_RF2_140_193_2691.txt;140;193;20.1658;
../../Instancias/Spd_Inst_Rid_Final/Spd_RF2_140_193_2699.txt;140;193;20.1658;
../../Instancias/Spd_Inst_Rid_Final/Spd_RF2_140_193_2707.txt;140;193;20.1658;
../../Instancias/Spd_Inst_Rid_Final/Spd_RF2_140_193_2715.txt;140;193;20.1658;
../../Instancias/Spd_Inst_Rid_Final/Spd_RF2_140_193_2723.txt;140;193;20.1658;
../../Instancias/Spd_Inst_Rid_Final/Spd_RF2_140_211_2731.txt;140;211;18.4455;
../../Instancias/Spd_Inst_Rid_Final/Spd_RF2_140_211_2739.txt;140;211;18.4455;
../../Instancias/Spd_Inst_Rid_Final/Spd_RF2_140_211_2747.txt;140;211;18.4455;
../../Instancias/Spd_Inst_Rid_Final/Spd_RF2_140_211_2755.txt;140;211;18.4455;
../../Instancias/Spd_Inst_Rid_Final/Spd_RF2_140_211_2763.txt;140;211;18.4455;
../../Instancias/Spd_Inst_Rid_Final/Spd_RF2_140_229_2771.txt;140;229;16.9956;
../../Instancias/Spd_Inst_Rid_Final/Spd_RF2_140_229_2779.txt;140;229;16.9956;
../../Instancias/Spd_Inst_Rid_Final/Spd_RF2_140_229_2787.txt;140;229;16.9956;
../../Instancias/Spd_Inst_Rid_Final/Spd_RF2_140_229_2795.txt;140;229;16.9956;
../../Instancias/Spd_Inst_Rid_Final/Spd_RF2_140_229_2803.txt;140;229;16.9956;
../../Instancias/Spd_Inst_Rid_Final/Spd_RF2_160_179_3011.txt;160;179;28.4246;
../../Instancias/Spd_Inst_Rid_Final/Spd_RF2_160_179_3019.txt;160;179;28.4246;
../../Instancias/Spd_Inst_Rid_Final/Spd_RF2_160_179_3027.txt;160;179;28.4246;
../../Instancias/Spd_Inst_Rid_Final/Spd_RF2_160_179_3035.txt;160;179;28.4246;
../../Instancias/Spd_Inst_Rid_Final/Spd_RF2_160_179_3043.txt;160;179;28.4246;
../../Instancias/Spd_Inst_Rid_Final/Spd_RF2_160_198_3051.txt;160;198;25.697;
../../Instancias/Spd_Inst_Rid_Final/Spd_RF2_160_198_3059.txt;160;198;25.697;
../../Instancias/Spd_Inst_Rid_Final/Spd_RF2_160_198_3067.txt;160;198;25.697;
../../Instancias/Spd_Inst_Rid_Final/Spd_RF2_160_198_3075.txt;160;198;25.697;
../../Instancias/Spd_Inst_Rid_Final/Spd_RF2_160_198_3083.txt;160;198;25.697;
../../Instancias/Spd_Inst_Rid_Final/Spd_RF2_160_218_3091.txt;160;218;23.3394;
../../Instancias/Spd_Inst_Rid_Final/Spd_RF2_160_218_3099.txt;160;218;23.3394;
../../Instancias/Spd_Inst_Rid_Final/Spd_RF2_160_218_3107.txt;160;218;23.3394;
../../Instancias/Spd_Inst_Rid_Final/Spd_RF2_160_218_3115.txt;160;218;23.3394;
../../Instancias/Spd_Inst_Rid_Final/Spd_RF2_160_218_3123.txt;160;218;23.3394;
../../Instancias/Spd_Inst_Rid_Final/Spd_RF2_160_237_3131.txt;160;237;21.4684;
../../Instancias/Spd_Inst_Rid_Final/Spd_RF2_160_237_3139.txt;160;237;21.4684;
../../Instancias/Spd_Inst_Rid_Final/Spd_RF2_160_237_3147.txt;160;237;21.4684;
../../Instancias/Spd_Inst_Rid_Final/Spd_RF2_160_237_3155.txt;160;237;21.4684;
../../Instancias/Spd_Inst_Rid_Final/Spd_RF2_160_237_3163.txt;160;237;21.4684;
../../Instancias/Spd_Inst_Rid_Final/Spd_RF2_160_257_3171.txt;160;257;19.7977;
../../Instancias/Spd_Inst_Rid_Final/Spd_RF2_160_257_3179.txt;160;257;19.7977;
../../Instancias/Spd_Inst_Rid_Final/Spd_RF2_160_257_3187.txt;160;257;19.7977;
../../Instancias/Spd_Inst_Rid_Final/Spd_RF2_160_257_3195.txt;160;257;19.7977;
../../Instancias/Spd_Inst_Rid_Final/Spd_RF2_160_257_3203.txt;160;257;19.7977;
../../Instancias/Spd_Inst_Rid_Final/Spd_RF2_180_200_3411.txt;180;200;32.22;
../../Instancias/Spd_Inst_Rid_Final/Spd_RF2_180_200_3419.txt;180;200;32.22;
../../Instancias/Spd_Inst_Rid_Final/Spd_RF2_180_200_3427.txt;180;200;32.22;
../../Instancias/Spd_Inst_Rid_Final/Spd_RF2_180_200_3435.txt;180;200;32.22;
../../Instancias/Spd_Inst_Rid_Final/Spd_RF2_180_200_3443.txt;180;200;32.22;
../../Instancias/Spd_Inst_Rid_Final/Spd_RF2_180_221_3451.txt;180;221;29.1584;
../../Instancias/Spd_Inst_Rid_Final/Spd_RF2_180_221_3459.txt;180;221;29.1584;
../../Instancias/Spd_Inst_Rid_Final/Spd_RF2_180_221_3467.txt;180;221;29.1584;
../../Instancias/Spd_Inst_Rid_Final/Spd_RF2_180_221_3475.txt;180;221;29.1584;
../../Instancias/Spd_Inst_Rid_Final/Spd_RF2_180_221_3483.txt;180;221;29.1584;
../../Instancias/Spd_Inst_Rid_Final/Spd_RF2_180_242_3491.txt;180;242;26.6281;
../../Instancias/Spd_Inst_Rid_Final/Spd_RF2_180_242_3499.txt;180;242;26.6281;
../../Instancias/Spd_Inst_Rid_Final/Spd_RF2_180_242_3507.txt;180;242;26.6281;
../../Instancias/Spd_Inst_Rid_Final/Spd_RF2_180_242_3515.txt;180;242;26.6281;
../../Instancias/Spd_Inst_Rid_Final/Spd_RF2_180_242_3523.txt;180;242;26.6281;
../../Instancias/Spd_Inst_Rid_Final/Spd_RF2_180_263_3531.txt;180;263;24.5019;
../../Instancias/Spd_Inst_Rid_Final/Spd_RF2_180_263_3539.txt;180;263;24.5019;
../../Instancias/Spd_Inst_Rid_Final/Spd_RF2_180_263_3547.txt;180;263;24.5019;
../../Instancias/Spd_Inst_Rid_Final/Spd_RF2_180_263_3555.txt;180;263;24.5019;
../../Instancias/Spd_Inst_Rid_Final/Spd_RF2_180_263_3563.txt;180;263;24.5019;
../../Instancias/Spd_Inst_Rid_Final/Spd_RF2_180_284_3571.txt;180;284;22.6901;
../../Instancias/Spd_Inst_Rid_Final/Spd_RF2_180_284_3579.txt;180;284;22.6901;
../../Instancias/Spd_Inst_Rid_Final/Spd_RF2_180_284_3587.txt;180;284;22.6901;
../../Instancias/Spd_Inst_Rid_Final/Spd_RF2_180_284_3595.txt;180;284;22.6901;
../../Instancias/Spd_Inst_Rid_Final/Spd_RF2_180_284_3603.txt;180;284;22.6901;
../../Instancias/Spd_Inst_Rid_Final/Spd_RF2_200_222_3811.txt;200;222;35.8559;
../../Instancias/Spd_Inst_Rid_Final/Spd_RF2_200_222_3819.txt;200;222;35.8559;
../../Instancias/Spd_Inst_Rid_Final/Spd_RF2_200_222_3827.txt;200;222;35.8559;
../../Instancias/Spd_Inst_Rid_Final/Spd_RF2_200_222_3835.txt;200;222;35.8559;
../../Instancias/Spd_Inst_Rid_Final/Spd_RF2_200_222_3843.txt;200;222;35.8559;
../../Instancias/Spd_Inst_Rid_Final/Spd_RF2_200_244_3851.txt;200;244;32.623;
../../Instancias/Spd_Inst_Rid_Final/Spd_RF2_200_244_3859.txt;200;244;32.623;
../../Instancias/Spd_Inst_Rid_Final/Spd_RF2_200_244_3867.txt;200;244;32.623;
../../Instancias/Spd_Inst_Rid_Final/Spd_RF2_200_244_3875.txt;200;244;32.623;
../../Instancias/Spd_Inst_Rid_Final/Spd_RF2_200_244_3883.txt;200;244;32.623;
../../Instancias/Spd_Inst_Rid_Final/Spd_RF2_200_267_3891.txt;200;267;29.8127;
../../Instancias/Spd_Inst_Rid_Final/Spd_RF2_200_267_3899.txt;200;267;29.8127;
../../Instancias/Spd_Inst_Rid_Final/Spd_RF2_200_267_3907.txt;200;267;29.8127;
../../Instancias/Spd_Inst_Rid_Final/Spd_RF2_200_267_3915.txt;200;267;29.8127;
../../Instancias/Spd_Inst_Rid_Final/Spd_RF2_200_267_3923.txt;200;267;29.8127;
../../Instancias/Spd_Inst_Rid_Final/Spd_RF2_200_289_3931.txt;200;289;27.5433;
../../Instancias/Spd_Inst_Rid_Final/Spd_RF2_200_289_3939.txt;200;289;27.5433;
../../Instancias/Spd_Inst_Rid_Final/Spd_RF2_200_289_3947.txt;200;289;27.5433;
../../Instancias/Spd_Inst_Rid_Final/Spd_RF2_200_289_3955.txt;200;289;27.5433;
../../Instancias/Spd_Inst_Rid_Final/Spd_RF2_200_289_3963.txt;200;289;27.5433;
../../Instancias/Spd_Inst_Rid_Final/Spd_RF2_200_312_3971.txt;200;312;25.5128;
../../Instancias/Spd_Inst_Rid_Final/Spd_RF2_200_312_3979.txt;200;312;25.5128;
../../Instancias/Spd_Inst_Rid_Final/Spd_RF2_200_312_3987.txt;200;312;25.5128;
../../Instancias/Spd_Inst_Rid_Final/Spd_RF2_200_312_3995.txt;200;312;25.5128;
../../Instancias/Spd_Inst_Rid_Final/Spd_RF2_200_312_4003.txt;200;312;25.5128;
../../Instancias/Spd_Inst_Rid_Final/Spd_RF2_20_27_211.txt;20;27;2.81481;
../../Instancias/Spd_Inst_Rid_Final/Spd_RF2_20_27_219.txt;20;27;2.81481;
../../Instancias/Spd_Inst_Rid_Final/Spd_RF2_20_27_227.txt;20;27;2.81481;
../../Instancias/Spd_Inst_Rid_Final/Spd_RF2_20_27_235.txt;20;27;2.81481;
../../Instancias/Spd_Inst_Rid_Final/Spd_RF2_20_27_243.txt;20;27;2.81481;
../../Instancias/Spd_Inst_Rid_Final/Spd_RF2_20_34_251.txt;20;34;2.23529;
../../Instancias/Spd_Inst_Rid_Final/Spd_RF2_20_34_259.txt;20;34;2.23529;
../../Instancias/Spd_Inst_Rid_Final/Spd_RF2_20_34_267.txt;20;34;2.23529;
../../Instancias/Spd_Inst_Rid_Final/Spd_RF2_20_34_275.txt;20;34;2.23529;
../../Instancias/Spd_Inst_Rid_Final/Spd_RF2_20_34_283.txt;20;34;2.23529;
../../Instancias/Spd_Inst_Rid_Final/Spd_RF2_20_42_291.txt;20;42;1.80952;
../../Instancias/Spd_Inst_Rid_Final/Spd_RF2_20_42_299.txt;20;42;1.80952;
../../Instancias/Spd_Inst_Rid_Final/Spd_RF2_20_42_307.txt;20;42;1.80952;
../../Instancias/Spd_Inst_Rid_Final/Spd_RF2_20_42_315.txt;20;42;1.80952;
../../Instancias/Spd_Inst_Rid_Final/Spd_RF2_20_42_323.txt;20;42;1.80952;
../../Instancias/Spd_Inst_Rid_Final/Spd_RF2_20_49_331.txt;20;49;1.55102;
../../Instancias/Spd_Inst_Rid_Final/Spd_RF2_20_49_339.txt;20;49;1.55102;
../../Instancias/Spd_Inst_Rid_Final/Spd_RF2_20_49_347.txt;20;49;1.55102;
../../Instancias/Spd_Inst_Rid_Final/Spd_RF2_20_49_355.txt;20;49;1.55102;
../../Instancias/Spd_Inst_Rid_Final/Spd_RF2_20_49_363.txt;20;49;1.55102;
../../Instancias/Spd_Inst_Rid_Final/Spd_RF2_20_57_371.txt;20;57;1.33333;
../../Instancias/Spd_Inst_Rid_Final/Spd_RF2_20_57_379.txt;20;57;1.33333;
../../Instancias/Spd_Inst_Rid_Final/Spd_RF2_20_57_387.txt;20;57;1.33333;
../../Instancias/Spd_Inst_Rid_Final/Spd_RF2_20_57_395.txt;20;57;1.33333;
../../Instancias/Spd_Inst_Rid_Final/Spd_RF2_20_57_403.txt;20;57;1.33333;
../../Instancias/Spd_Inst_Rid_Final/Spd_RF2_250_273_4011.txt;250;273;45.6044;
../../Instancias/Spd_Inst_Rid_Final/Spd_RF2_250_273_4019.txt;250;273;45.6044;
../../Instancias/Spd_Inst_Rid_Final/Spd_RF2_250_273_4027.txt;250;273;45.6044;
../../Instancias/Spd_Inst_Rid_Final/Spd_RF2_250_273_4035.txt;250;273;45.6044;
../../Instancias/Spd_Inst_Rid_Final/Spd_RF2_250_273_4043.txt;250;273;45.6044;
../../Instancias/Spd_Inst_Rid_Final/Spd_RF2_250_297_4051.txt;250;297;41.9192;
../../Instancias/Spd_Inst_Rid_Final/Spd_RF2_250_297_4059.txt;250;297;41.9192;
../../Instancias/Spd_Inst_Rid_Final/Spd_RF2_250_297_4067.txt;250;297;41.9192;
../../Instancias/Spd_Inst_Rid_Final/Spd_RF2_250_297_4075.txt;250;297;41.9192;
../../Instancias/Spd_Inst_Rid_Final/Spd_RF2_250_297_4083.txt;250;297;41.9192;
../../Instancias/Spd_Inst_Rid_Final/Spd_RF2_250_321_4091.txt;250;321;38.785;
../../Instancias/Spd_Inst_Rid_Final/Spd_RF2_250_321_4099.txt;250;321;38.785;
../../Instancias/Spd_Inst_Rid_Final/Spd_RF2_250_321_4107.txt;250;321;38.785;
../../Instancias/Spd_Inst_Rid_Final/Spd_RF2_250_321_4115.txt;250;321;38.785;
../../Instancias/Spd_Inst_Rid_Final/Spd_RF2_250_321_4123.txt;250;321;38.785;
../../Instancias/Spd_Inst_Rid_Final/Spd_RF2_250_345_4131.txt;250;345;36.087;
../../Instancias/Spd_Inst_Rid_Final/Spd_RF2_250_345_4139.txt;250;345;36.087;
../../Instancias/Spd_Inst_Rid_Final/Spd_RF2_250_345_4147.txt;250;345;36.087;
../../Instancias/Spd_Inst_Rid_Final/Spd_RF2_250_345_4155.txt;250;345;36.087;
../../Instancias/Spd_Inst_Rid_Final/Spd_RF2_250_345_4163.txt;250;345;36.087;
../../Instancias/Spd_Inst_Rid_Final/Spd_RF2_250_369_4171.txt;250;369;33.7398;
../../Instancias/Spd_Inst_Rid_Final/Spd_RF2_250_369_4179.txt;250;369;33.7398;
../../Instancias/Spd_Inst_Rid_Final/Spd_RF2_250_369_4187.txt;250;369;33.7398;
../../Instancias/Spd_Inst_Rid_Final/Spd_RF2_250_369_4195.txt;250;369;33.7398;
../../Instancias/Spd_Inst_Rid_Final/Spd_RF2_250_369_4203.txt;250;369;33.7398;
../../Instancias/Spd_Inst_Rid_Final/Spd_RF2_300_326_4211.txt;300;326;55.0307;
../../Instancias/Spd_Inst_Rid_Final/Spd_RF2_300_326_4219.txt;300;326;55.0307;
../../Instancias/Spd_Inst_Rid_Final/Spd_RF2_300_326_4227.txt;300;326;55.0307;
../../Instancias/Spd_Inst_Rid_Final/Spd_RF2_300_326_4235.txt;300;326;55.0307;
../../Instancias/Spd_Inst_Rid_Final/Spd_RF2_300_326_4243.txt;300;326;55.0307;
../../Instancias/Spd_Inst_Rid_Final/Spd_RF2_300_353_4251.txt;300;353;50.8215;
../../Instancias/Spd_Inst_Rid_Final/Spd_RF2_300_353_4259.txt;300;353;50.8215;
../../Instancias/Spd_Inst_Rid_Final/Spd_RF2_300_353_4267.txt;300;353;50.8215;
../../Instancias/Spd_Inst_Rid_Final/Spd_RF2_300_353_4275.txt;300;353;50.8215;
../../Instancias/Spd_Inst_Rid_Final/Spd_RF2_300_353_4283.txt;300;353;50.8215;
../../Instancias/Spd_Inst_Rid_Final/Spd_RF2_300_380_4291.txt;300;380;47.2105;
../../Instancias/Spd_Inst_Rid_Final/Spd_RF2_300_380_4299.txt;300;380;47.2105;
../../Instancias/Spd_Inst_Rid_Final/Spd_RF2_300_380_4307.txt;300;380;47.2105;
../../Instancias/Spd_Inst_Rid_Final/Spd_RF2_300_380_4315.txt;300;380;47.2105;
../../Instancias/Spd_Inst_Rid_Final/Spd_RF2_300_380_4323.txt;300;380;47.2105;
../../Instancias/Spd_Inst_Rid_Final/Spd_RF2_300_407_4331.txt;300;407;44.0786;
../../Instancias/Spd_Inst_Rid_Final/Spd_RF2_300_407_4339.txt;300;407;44.0786;
../../Instancias/Spd_Inst_Rid_Final/Spd_RF2_300_407_4347.txt;300;407;44.0786;
../../Instancias/Spd_Inst_Rid_Final/Spd_RF2_300_407_4355.txt;300;407;44.0786;
../../Instancias/Spd_Inst_Rid_Final/Spd_RF2_300_407_4363.txt;300;407;44.0786;
../../Instancias/Spd_Inst_Rid_Final/Spd_RF2_300_434_4371.txt;300;434;41.3364;
../../Instancias/Spd_Inst_Rid_Final/Spd_RF2_300_434_4379.txt;300;434;41.3364;
../../Instancias/Spd_Inst_Rid_Final/Spd_RF2_300_434_4387.txt;300;434;41.3364;
../../Instancias/Spd_Inst_Rid_Final/Spd_RF2_300_434_4395.txt;300;434;41.3364;
../../Instancias/Spd_Inst_Rid_Final/Spd_RF2_300_434_4403.txt;300;434;41.3364;
../../Instancias/Spd_Inst_Rid_Final/Spd_RF2_350_378_4411.txt;350;378;64.6296;
../../Instancias/Spd_Inst_Rid_Final/Spd_RF2_350_378_4419.txt;350;378;64.6296;
../../Instancias/Spd_Inst_Rid_Final/Spd_RF2_350_378_4427.txt;350;378;64.6296;
../../Instancias/Spd_Inst_Rid_Final/Spd_RF2_350_378_4435.txt;350;378;64.6296;
../../Instancias/Spd_Inst_Rid_Final/Spd_RF2_350_378_4443.txt;350;378;64.6296;
../../Instancias/Spd_Inst_Rid_Final/Spd_RF2_350_406_4451.txt;350;406;60.1724;
../../Instancias/Spd_Inst_Rid_Final/Spd_RF2_350_406_4459.txt;350;406;60.1724;
../../Instancias/Spd_Inst_Rid_Final/Spd_RF2_350_406_4467.txt;350;406;60.1724;
../../Instancias/Spd_Inst_Rid_Final/Spd_RF2_350_406_4475.txt;350;406;60.1724;
../../Instancias/Spd_Inst_Rid_Final/Spd_RF2_350_406_4483.txt;350;406;60.1724;
../../Instancias/Spd_Inst_Rid_Final/Spd_RF2_350_435_4491.txt;350;435;56.1609;
../../Instancias/Spd_Inst_Rid_Final/Spd_RF2_350_435_4499.txt;350;435;56.1609;
../../Instancias/Spd_Inst_Rid_Final/Spd_RF2_350_435_4507.txt;350;435;56.1609;
../../Instancias/Spd_Inst_Rid_Final/Spd_RF2_350_435_4515.txt;350;435;56.1609;
../../Instancias/Spd_Inst_Rid_Final/Spd_RF2_350_435_4523.txt;350;435;56.1609;
../../Instancias/Spd_Inst_Rid_Final/Spd_RF2_350_463_4531.txt;350;463;52.7646;
../../Instancias/Spd_Inst_Rid_Final/Spd_RF2_350_463_4539.txt;350;463;52.7646;
../../Instancias/Spd_Inst_Rid_Final/Spd_RF2_350_463_4547.txt;350;463;52.7646;
../../Instancias/Spd_Inst_Rid_Final/Spd_RF2_350_463_4555.txt;350;463;52.7646;
../../Instancias/Spd_Inst_Rid_Final/Spd_RF2_350_463_4563.txt;350;463;52.7646;
../../Instancias/Spd_Inst_Rid_Final/Spd_RF2_350_492_4571.txt;350;492;49.6545;
../../Instancias/Spd_Inst_Rid_Final/Spd_RF2_350_492_4579.txt;350;492;49.6545;
../../Instancias/Spd_Inst_Rid_Final/Spd_RF2_350_492_4587.txt;350;492;49.6545;
../../Instancias/Spd_Inst_Rid_Final/Spd_RF2_350_492_4595.txt;350;492;49.6545;
../../Instancias/Spd_Inst_Rid_Final/Spd_RF2_350_492_4603.txt;350;492;49.6545;
../../Instancias/Spd_Inst_Rid_Final/Spd_RF2_400_429_4611.txt;400;429;74.4056;
../../Instancias/Spd_Inst_Rid_Final/Spd_RF2_400_429_4619.txt;400;429;74.4056;
../../Instancias/Spd_Inst_Rid_Final/Spd_RF2_400_429_4627.txt;400;429;74.4056;
../../Instancias/Spd_Inst_Rid_Final/Spd_RF2_400_429_4635.txt;400;429;74.4056;
../../Instancias/Spd_Inst_Rid_Final/Spd_RF2_400_429_4643.txt;400;429;74.4056;
../../Instancias/Spd_Inst_Rid_Final/Spd_RF2_400_459_4651.txt;400;459;69.5425;
../../Instancias/Spd_Inst_Rid_Final/Spd_RF2_400_459_4659.txt;400;459;69.5425;
../../Instancias/Spd_Inst_Rid_Final/Spd_RF2_400_459_4667.txt;400;459;69.5425;
../../Instancias/Spd_Inst_Rid_Final/Spd_RF2_400_459_4675.txt;400;459;69.5425;
../../Instancias/Spd_Inst_Rid_Final/Spd_RF2_400_459_4683.txt;400;459;69.5425;
../../Instancias/Spd_Inst_Rid_Final/Spd_RF2_400_489_4691.txt;400;489;65.2761;
../../Instancias/Spd_Inst_Rid_Final/Spd_RF2_400_489_4699.txt;400;489;65.2761;
../../Instancias/Spd_Inst_Rid_Final/Spd_RF2_400_489_4707.txt;400;489;65.2761;
../../Instancias/Spd_Inst_Rid_Final/Spd_RF2_400_489_4715.txt;400;489;65.2761;
../../Instancias/Spd_Inst_Rid_Final/Spd_RF2_400_489_4723.txt;400;489;65.2761;
../../Instancias/Spd_Inst_Rid_Final/Spd_RF2_400_519_4731.txt;400;519;61.5029;
../../Instancias/Spd_Inst_Rid_Final/Spd_RF2_400_519_4739.txt;400;519;61.5029;
../../Instancias/Spd_Inst_Rid_Final/Spd_RF2_400_519_4747.txt;400;519;61.5029;
../../Instancias/Spd_Inst_Rid_Final/Spd_RF2_400_519_4755.txt;400;519;61.5029;
../../Instancias/Spd_Inst_Rid_Final/Spd_RF2_400_519_4763.txt;400;519;61.5029;
../../Instancias/Spd_Inst_Rid_Final/Spd_RF2_400_549_4771.txt;400;549;58.1421;
../../Instancias/Spd_Inst_Rid_Final/Spd_RF2_400_549_4779.txt;400;549;58.1421;
../../Instancias/Spd_Inst_Rid_Final/Spd_RF2_400_549_4787.txt;400;549;58.1421;
../../Instancias/Spd_Inst_Rid_Final/Spd_RF2_400_549_4795.txt;400;549;58.1421;
../../Instancias/Spd_Inst_Rid_Final/Spd_RF2_400_549_4803.txt;400;549;58.1421;
../../Instancias/Spd_Inst_Rid_Final/Spd_RF2_40_50_611.txt;40;50;6.24;
../../Instancias/Spd_Inst_Rid_Final/Spd_RF2_40_50_619.txt;40;50;6.24;
../../Instancias/Spd_Inst_Rid_Final/Spd_RF2_40_50_627.txt;40;50;6.24;
../../Instancias/Spd_Inst_Rid_Final/Spd_RF2_40_50_635.txt;40;50;6.24;
../../Instancias/Spd_Inst_Rid_Final/Spd_RF2_40_50_643.txt;40;50;6.24;
../../Instancias/Spd_Inst_Rid_Final/Spd_RF2_40_60_651.txt;40;60;5.2;
../../Instancias/Spd_Inst_Rid_Final/Spd_RF2_40_60_659.txt;40;60;5.2;
../../Instancias/Spd_Inst_Rid_Final/Spd_RF2_40_60_667.txt;40;60;5.2;
../../Instancias/Spd_Inst_Rid_Final/Spd_RF2_40_60_675.txt;40;60;5.2;
../../Instancias/Spd_Inst_Rid_Final/Spd_RF2_40_60_683.txt;40;60;5.2;
../../Instancias/Spd_Inst_Rid_Final/Spd_RF2_40_71_691.txt;40;71;4.39437;
../../Instancias/Spd_Inst_Rid_Final/Spd_RF2_40_71_699.txt;40;71;4.39437;
../../Instancias/Spd_Inst_Rid_Final/Spd_RF2_40_71_707.txt;40;71;4.39437;
../../Instancias/Spd_Inst_Rid_Final/Spd_RF2_40_71_715.txt;40;71;4.39437;
../../Instancias/Spd_Inst_Rid_Final/Spd_RF2_40_71_723.txt;40;71;4.39437;
../../Instancias/Spd_Inst_Rid_Final/Spd_RF2_40_81_731.txt;40;81;3.85185;
../../Instancias/Spd_Inst_Rid_Final/Spd_RF2_40_81_739.txt;40;81;3.85185;
../../Instancias/Spd_Inst_Rid_Final/Spd_RF2_40_81_747.txt;40;81;3.85185;
../../Instancias/Spd_Inst_Rid_Final/Spd_RF2_40_81_755.txt;40;81;3.85185;
../../Instancias/Spd_Inst_Rid_Final/Spd_RF2_40_81_763.txt;40;81;3.85185;
../../Instancias/Spd_Inst_Rid_Final/Spd_RF2_40_92_771.txt;40;92;3.3913;
../../Instancias/Spd_Inst_Rid_Final/Spd_RF2_40_92_779.txt;40;92;3.3913;
../../Instancias/Spd_Inst_Rid_Final/Spd_RF2_40_92_787.txt;40;92;3.3913;
../../Instancias/Spd_Inst_Rid_Final/Spd_RF2_40_92_795.txt;40;92;3.3913;
../../Instancias/Spd_Inst_Rid_Final/Spd_RF2_40_92_803.txt;40;92;3.3913;
../../Instancias/Spd_Inst_Rid_Final/Spd_RF2_450_482_4811.txt;450;482;83.8382;
../../Instancias/Spd_Inst_Rid_Final/Spd_RF2_450_482_4819.txt;450;482;83.8382;
../../Instancias/Spd_Inst_Rid_Final/Spd_RF2_450_482_4827.txt;450;482;83.8382;
../../Instancias/Spd_Inst_Rid_Final/Spd_RF2_450_482_4835.txt;450;482;83.8382;
../../Instancias/Spd_Inst_Rid_Final/Spd_RF2_450_482_4843.txt;450;482;83.8382;
../../Instancias/Spd_Inst_Rid_Final/Spd_RF2_450_515_4851.txt;450;515;78.466;
../../Instancias/Spd_Inst_Rid_Final/Spd_RF2_450_515_4859.txt;450;515;78.466;
../../Instancias/Spd_Inst_Rid_Final/Spd_RF2_450_515_4867.txt;450;515;78.466;
../../Instancias/Spd_Inst_Rid_Final/Spd_RF2_450_515_4875.txt;450;515;78.466;
../../Instancias/Spd_Inst_Rid_Final/Spd_RF2_450_515_4883.txt;450;515;78.466;
../../Instancias/Spd_Inst_Rid_Final/Spd_RF2_450_548_4891.txt;450;548;73.7409;
../../Instancias/Spd_Inst_Rid_Final/Spd_RF2_450_548_4899.txt;450;548;73.7409;
../../Instancias/Spd_Inst_Rid_Final/Spd_RF2_450_548_4907.txt;450;548;73.7409;
../../Instancias/Spd_Inst_Rid_Final/Spd_RF2_450_548_4915.txt;450;548;73.7409;
../../Instancias/Spd_Inst_Rid_Final/Spd_RF2_450_548_4923.txt;450;548;73.7409;
../../Instancias/Spd_Inst_Rid_Final/Spd_RF2_450_581_4931.txt;450;581;69.5525;
../../Instancias/Spd_Inst_Rid_Final/Spd_RF2_450_581_4939.txt;450;581;69.5525;
../../Instancias/Spd_Inst_Rid_Final/Spd_RF2_450_581_4947.txt;450;581;69.5525;
../../Instancias/Spd_Inst_Rid_Final/Spd_RF2_450_581_4955.txt;450;581;69.5525;
../../Instancias/Spd_Inst_Rid_Final/Spd_RF2_450_581_4963.txt;450;581;69.5525;
../../Instancias/Spd_Inst_Rid_Final/Spd_RF2_450_614_4971.txt;450;614;65.8143;
../../Instancias/Spd_Inst_Rid_Final/Spd_RF2_450_614_4979.txt;450;614;65.8143;
../../Instancias/Spd_Inst_Rid_Final/Spd_RF2_450_614_4987.txt;450;614;65.8143;
../../Instancias/Spd_Inst_Rid_Final/Spd_RF2_450_614_4995.txt;450;614;65.8143;
../../Instancias/Spd_Inst_Rid_Final/Spd_RF2_450_614_5003.txt;450;614;65.8143;
../../Instancias/Spd_Inst_Rid_Final/Spd_RF2_500_534_5011.txt;500;534;93.4457;
../../Instancias/Spd_Inst_Rid_Final/Spd_RF2_500_534_5019.txt;500;534;93.4457;
../../Instancias/Spd_Inst_Rid_Final/Spd_RF2_500_534_5027.txt;500;534;93.4457;
../../Instancias/Spd_Inst_Rid_Final/Spd_RF2_500_534_5035.txt;500;534;93.4457;
../../Instancias/Spd_Inst_Rid_Final/Spd_RF2_500_534_5043.txt;500;534;93.4457;
../../Instancias/Spd_Inst_Rid_Final/Spd_RF2_500_568_5051.txt;500;568;87.8521;
../../Instancias/Spd_Inst_Rid_Final/Spd_RF2_500_568_5059.txt;500;568;87.8521;
../../Instancias/Spd_Inst_Rid_Final/Spd_RF2_500_568_5067.txt;500;568;87.8521;
../../Instancias/Spd_Inst_Rid_Final/Spd_RF2_500_568_5075.txt;500;568;87.8521;
../../Instancias/Spd_Inst_Rid_Final/Spd_RF2_500_568_5083.txt;500;568;87.8521;
../../Instancias/Spd_Inst_Rid_Final/Spd_RF2_500_603_5091.txt;500;603;82.7529;
../../Instancias/Spd_Inst_Rid_Final/Spd_RF2_500_603_5099.txt;500;603;82.7529;
../../Instancias/Spd_Inst_Rid_Final/Spd_RF2_500_603_5107.txt;500;603;82.7529;
../../Instancias/Spd_Inst_Rid_Final/Spd_RF2_500_603_5115.txt;500;603;82.7529;
../../Instancias/Spd_Inst_Rid_Final/Spd_RF2_500_603_5123.txt;500;603;82.7529;
../../Instancias/Spd_Inst_Rid_Final/Spd_RF2_500_637_5131.txt;500;637;78.3359;
../../Instancias/Spd_Inst_Rid_Final/Spd_RF2_500_637_5139.txt;500;637;78.3359;
../../Instancias/Spd_Inst_Rid_Final/Spd_RF2_500_637_5147.txt;500;637;78.3359;
../../Instancias/Spd_Inst_Rid_Final/Spd_RF2_500_637_5155.txt;500;637;78.3359;
../../Instancias/Spd_Inst_Rid_Final/Spd_RF2_500_637_5163.txt;500;637;78.3359;
../../Instancias/Spd_Inst_Rid_Final/Spd_RF2_500_672_5171.txt;500;672;74.256;
../../Instancias/Spd_Inst_Rid_Final/Spd_RF2_500_672_5179.txt;500;672;74.256;
../../Instancias/Spd_Inst_Rid_Final/Spd_RF2_500_672_5187.txt;500;672;74.256;
../../Instancias/Spd_Inst_Rid_Final/Spd_RF2_500_672_5195.txt;500;672;74.256;
../../Instancias/Spd_Inst_Rid_Final/Spd_RF2_500_672_5203.txt;500;672;74.256;
../../Instancias/Spd_Inst_Rid_Final/Spd_RF2_600_637_5211.txt;600;637;112.841;
../../Instancias/Spd_Inst_Rid_Final/Spd_RF2_600_637_5219.txt;600;637;112.841;
../../Instancias/Spd_Inst_Rid_Final/Spd_RF2_600_637_5227.txt;600;637;112.841;
../../Instancias/Spd_Inst_Rid_Final/Spd_RF2_600_637_5235.txt;600;637;112.841;
../../Instancias/Spd_Inst_Rid_Final/Spd_RF2_600_637_5243.txt;600;637;112.841;
../../Instancias/Spd_Inst_Rid_Final/Spd_RF2_600_674_5251.txt;600;674;106.647;
../../Instancias/Spd_Inst_Rid_Final/Spd_RF2_600_674_5259.txt;600;674;106.647;
../../Instancias/Spd_Inst_Rid_Final/Spd_RF2_600_674_5267.txt;600;674;106.647;
../../Instancias/Spd_Inst_Rid_Final/Spd_RF2_600_674_5275.txt;600;674;106.647;
../../Instancias/Spd_Inst_Rid_Final/Spd_RF2_600_674_5283.txt;600;674;106.647;
../../Instancias/Spd_Inst_Rid_Final/Spd_RF2_600_712_5291.txt;600;712;100.955;
../../Instancias/Spd_Inst_Rid_Final/Spd_RF2_600_712_5299.txt;600;712;100.955;
../../Instancias/Spd_Inst_Rid_Final/Spd_RF2_600_712_5307.txt;600;712;100.955;
../../Instancias/Spd_Inst_Rid_Final/Spd_RF2_600_712_5315.txt;600;712;100.955;
../../Instancias/Spd_Inst_Rid_Final/Spd_RF2_600_712_5323.txt;600;712;100.955;
../../Instancias/Spd_Inst_Rid_Final/Spd_RF2_600_749_5331.txt;600;749;95.968;
../../Instancias/Spd_Inst_Rid_Final/Spd_RF2_600_749_5339.txt;600;749;95.968;
../../Instancias/Spd_Inst_Rid_Final/Spd_RF2_600_749_5347.txt;600;749;95.968;
../../Instancias/Spd_Inst_Rid_Final/Spd_RF2_600_749_5355.txt;600;749;95.968;
../../Instancias/Spd_Inst_Rid_Final/Spd_RF2_600_749_5363.txt;600;749;95.968;
../../Instancias/Spd_Inst_Rid_Final/Spd_RF2_600_787_5371.txt;600;787;91.3342;
../../Instancias/Spd_Inst_Rid_Final/Spd_RF2_600_787_5379.txt;600;787;91.3342;
../../Instancias/Spd_Inst_Rid_Final/Spd_RF2_600_787_5387.txt;600;787;91.3342;
../../Instancias/Spd_Inst_Rid_Final/Spd_RF2_600_787_5395.txt;600;787;91.3342;
../../Instancias/Spd_Inst_Rid_Final/Spd_RF2_600_787_5403.txt;600;787;91.3342;
../../Instancias/Spd_Inst_Rid_Final/Spd_RF2_60_107_1131.txt;60;107;6.61682;
../../Instancias/Spd_Inst_Rid_Final/Spd_RF2_60_107_1139.txt;60;107;6.61682;
../../Instancias/Spd_Inst_Rid_Final/Spd_RF2_60_107_1147.txt;60;107;6.61682;
../../Instancias/Spd_Inst_Rid_Final/Spd_RF2_60_107_1155.txt;60;107;6.61682;
../../Instancias/Spd_Inst_Rid_Final/Spd_RF2_60_107_1163.txt;60;107;6.61682;
../../Instancias/Spd_Inst_Rid_Final/Spd_RF2_60_119_1171.txt;60;119;5.94958;
../../Instancias/Spd_Inst_Rid_Final/Spd_RF2_60_119_1179.txt;60;119;5.94958;
../../Instancias/Spd_Inst_Rid_Final/Spd_RF2_60_119_1187.txt;60;119;5.94958;
../../Instancias/Spd_Inst_Rid_Final/Spd_RF2_60_119_1195.txt;60;119;5.94958;
../../Instancias/Spd_Inst_Rid_Final/Spd_RF2_60_119_1203.txt;60;119;5.94958;
../../Instancias/Spd_Inst_Rid_Final/Spd_RF2_60_71_1011.txt;60;71;9.97183;
../../Instancias/Spd_Inst_Rid_Final/Spd_RF2_60_71_1019.txt;60;71;9.97183;
../../Instancias/Spd_Inst_Rid_Final/Spd_RF2_60_71_1027.txt;60;71;9.97183;
../../Instancias/Spd_Inst_Rid_Final/Spd_RF2_60_71_1035.txt;60;71;9.97183;
../../Instancias/Spd_Inst_Rid_Final/Spd_RF2_60_71_1043.txt;60;71;9.97183;
../../Instancias/Spd_Inst_Rid_Final/Spd_RF2_60_83_1051.txt;60;83;8.53012;
../../Instancias/Spd_Inst_Rid_Final/Spd_RF2_60_83_1059.txt;60;83;8.53012;
../../Instancias/Spd_Inst_Rid_Final/Spd_RF2_60_83_1067.txt;60;83;8.53012;
../../Instancias/Spd_Inst_Rid_Final/Spd_RF2_60_83_1075.txt;60;83;8.53012;
../../Instancias/Spd_Inst_Rid_Final/Spd_RF2_60_83_1083.txt;60;83;8.53012;
../../Instancias/Spd_Inst_Rid_Final/Spd_RF2_60_95_1091.txt;60;95;7.45263;
../../Instancias/Spd_Inst_Rid_Final/Spd_RF2_60_95_1099.txt;60;95;7.45263;
../../Instancias/Spd_Inst_Rid_Final/Spd_RF2_60_95_1107.txt;60;95;7.45263;
../../Instancias/Spd_Inst_Rid_Final/Spd_RF2_60_95_1115.txt;60;95;7.45263;
../../Instancias/Spd_Inst_Rid_Final/Spd_RF2_60_95_1123.txt;60;95;7.45263;
../../Instancias/Spd_Inst_Rid_Final/Spd_RF2_700_740_5411.txt;700;740;132.243;
../../Instancias/Spd_Inst_Rid_Final/Spd_RF2_700_740_5419.txt;700;740;132.243;
../../Instancias/Spd_Inst_Rid_Final/Spd_RF2_700_740_5427.txt;700;740;132.243;
../../Instancias/Spd_Inst_Rid_Final/Spd_RF2_700_740_5435.txt;700;740;132.243;
../../Instancias/Spd_Inst_Rid_Final/Spd_RF2_700_740_5443.txt;700;740;132.243;
../../Instancias/Spd_Inst_Rid_Final/Spd_RF2_700_780_5451.txt;700;780;125.462;
../../Instancias/Spd_Inst_Rid_Final/Spd_RF2_700_780_5459.txt;700;780;125.462;
../../Instancias/Spd_Inst_Rid_Final/Spd_RF2_700_780_5467.txt;700;780;125.462;
../../Instancias/Spd_Inst_Rid_Final/Spd_RF2_700_780_5475.txt;700;780;125.462;
../../Instancias/Spd_Inst_Rid_Final/Spd_RF2_700_780_5483.txt;700;780;125.462;
../../Instancias/Spd_Inst_Rid_Final/Spd_RF2_700_821_5491.txt;700;821;119.196;
../../Instancias/Spd_Inst_Rid_Final/Spd_RF2_700_821_5499.txt;700;821;119.196;
../../Instancias/Spd_Inst_Rid_Final/Spd_RF2_700_821_5507.txt;700;821;119.196;
../../Instancias/Spd_Inst_Rid_Final/Spd_RF2_700_821_5515.txt;700;821;119.196;
../../Instancias/Spd_Inst_Rid_Final/Spd_RF2_700_821_5523.txt;700;821;119.196;
../../Instancias/Spd_Inst_Rid_Final/Spd_RF2_700_861_5531.txt;700;861;113.659;
../../Instancias/Spd_Inst_Rid_Final/Spd_RF2_700_861_5539.txt;700;861;113.659;
../../Instancias/Spd_Inst_Rid_Final/Spd_RF2_700_861_5547.txt;700;861;113.659;
../../Instancias/Spd_Inst_Rid_Final/Spd_RF2_700_861_5555.txt;700;861;113.659;
../../Instancias/Spd_Inst_Rid_Final/Spd_RF2_700_861_5563.txt;700;861;113.659;
../../Instancias/Spd_Inst_Rid_Final/Spd_RF2_700_902_5571.txt;700;902;108.492;
../../Instancias/Spd_Inst_Rid_Final/Spd_RF2_700_902_5579.txt;700;902;108.492;
../../Instancias/Spd_Inst_Rid_Final/Spd_RF2_700_902_5587.txt;700;902;108.492;
../../Instancias/Spd_Inst_Rid_Final/Spd_RF2_700_902_5595.txt;700;902;108.492;
../../Instancias/Spd_Inst_Rid_Final/Spd_RF2_700_902_5603.txt;700;902;108.492;
../../Instancias/Spd_Inst_Rid_Final/Spd_RF2_800_1017_5771.txt;800;1017;125.703;
../../Instancias/Spd_Inst_Rid_Final/Spd_RF2_800_1017_5779.txt;800;1017;125.703;
../../Instancias/Spd_Inst_Rid_Final/Spd_RF2_800_1017_5787.txt;800;1017;125.703;
../../Instancias/Spd_Inst_Rid_Final/Spd_RF2_800_1017_5795.txt;800;1017;125.703;
../../Instancias/Spd_Inst_Rid_Final/Spd_RF2_800_1017_5803.txt;800;1017;125.703;
../../Instancias/Spd_Inst_Rid_Final/Spd_RF2_800_843_5611.txt;800;843;151.649;
../../Instancias/Spd_Inst_Rid_Final/Spd_RF2_800_843_5619.txt;800;843;151.649;
../../Instancias/Spd_Inst_Rid_Final/Spd_RF2_800_843_5627.txt;800;843;151.649;
../../Instancias/Spd_Inst_Rid_Final/Spd_RF2_800_843_5635.txt;800;843;151.649;
../../Instancias/Spd_Inst_Rid_Final/Spd_RF2_800_843_5643.txt;800;843;151.649;
../../Instancias/Spd_Inst_Rid_Final/Spd_RF2_800_886_5651.txt;800;886;144.289;
../../Instancias/Spd_Inst_Rid_Final/Spd_RF2_800_886_5659.txt;800;886;144.289;
../../Instancias/Spd_Inst_Rid_Final/Spd_RF2_800_886_5667.txt;800;886;144.289;
../../Instancias/Spd_Inst_Rid_Final/Spd_RF2_800_886_5675.txt;800;886;144.289;
../../Instancias/Spd_Inst_Rid_Final/Spd_RF2_800_886_5683.txt;800;886;144.289;
../../Instancias/Spd_Inst_Rid_Final/Spd_RF2_800_930_5691.txt;800;930;137.462;
../../Instancias/Spd_Inst_Rid_Final/Spd_RF2_800_930_5699.txt;800;930;137.462;
../../Instancias/Spd_Inst_Rid_Final/Spd_RF2_800_930_5707.txt;800;930;137.462;
../../Instancias/Spd_Inst_Rid_Final/Spd_RF2_800_930_5715.txt;800;930;137.462;
../../Instancias/Spd_Inst_Rid_Final/Spd_RF2_800_930_5723.txt;800;930;137.462;
../../Instancias/Spd_Inst_Rid_Final/Spd_RF2_800_973_5731.txt;800;973;131.387;
../../Instancias/Spd_Inst_Rid_Final/Spd_RF2_800_973_5739.txt;800;973;131.387;
../../Instancias/Spd_Inst_Rid_Final/Spd_RF2_800_973_5747.txt;800;973;131.387;
../../Instancias/Spd_Inst_Rid_Final/Spd_RF2_800_973_5755.txt;800;973;131.387;
../../Instancias/Spd_Inst_Rid_Final/Spd_RF2_800_973_5763.txt;800;973;131.387;
../../Instancias/Spd_Inst_Rid_Final/Spd_RF2_80_106_1451.txt;80;106;11.9245;
../../Instancias/Spd_Inst_Rid_Final/Spd_RF2_80_106_1459.txt;80;106;11.9245;
../../Instancias/Spd_Inst_Rid_Final/Spd_RF2_80_106_1467.txt;80;106;11.9245;
../../Instancias/Spd_Inst_Rid_Final/Spd_RF2_80_106_1475.txt;80;106;11.9245;
../../Instancias/Spd_Inst_Rid_Final/Spd_RF2_80_106_1483.txt;80;106;11.9245;
../../Instancias/Spd_Inst_Rid_Final/Spd_RF2_80_120_1491.txt;80;120;10.5333;
../../Instancias/Spd_Inst_Rid_Final/Spd_RF2_80_120_1499.txt;80;120;10.5333;
../../Instancias/Spd_Inst_Rid_Final/Spd_RF2_80_120_1507.txt;80;120;10.5333;
../../Instancias/Spd_Inst_Rid_Final/Spd_RF2_80_120_1515.txt;80;120;10.5333;
../../Instancias/Spd_Inst_Rid_Final/Spd_RF2_80_120_1523.txt;80;120;10.5333;
../../Instancias/Spd_Inst_Rid_Final/Spd_RF2_80_133_1531.txt;80;133;9.50376;
../../Instancias/Spd_Inst_Rid_Final/Spd_RF2_80_133_1539.txt;80;133;9.50376;
../../Instancias/Spd_Inst_Rid_Final/Spd_RF2_80_133_1547.txt;80;133;9.50376;
../../Instancias/Spd_Inst_Rid_Final/Spd_RF2_80_133_1555.txt;80;133;9.50376;
../../Instancias/Spd_Inst_Rid_Final/Spd_RF2_80_133_1563.txt;80;133;9.50376;
../../Instancias/Spd_Inst_Rid_Final/Spd_RF2_80_147_1571.txt;80;147;8.59864;
../../Instancias/Spd_Inst_Rid_Final/Spd_RF2_80_147_1579.txt;80;147;8.59864;
../../Instancias/Spd_Inst_Rid_Final/Spd_RF2_80_147_1587.txt;80;147;8.59864;
../../Instancias/Spd_Inst_Rid_Final/Spd_RF2_80_147_1595.txt;80;147;8.59864;
../../Instancias/Spd_Inst_Rid_Final/Spd_RF2_80_147_1603.txt;80;147;8.59864;
../../Instancias/Spd_Inst_Rid_Final/Spd_RF2_80_93_1411.txt;80;93;13.5914;
../../Instancias/Spd_Inst_Rid_Final/Spd_RF2_80_93_1419.txt;80;93;13.5914;
../../Instancias/Spd_Inst_Rid_Final/Spd_RF2_80_93_1427.txt;80;93;13.5914;
../../Instancias/Spd_Inst_Rid_Final/Spd_RF2_80_93_1435.txt;80;93;13.5914;
../../Instancias/Spd_Inst_Rid_Final/Spd_RF2_80_93_1443.txt;80;93;13.5914;
../../Instancias/Spd_Inst_Rid_Final/Spd_RF2_900_1034_5891.txt;900;1034;156.499;
../../Instancias/Spd_Inst_Rid_Final/Spd_RF2_900_1034_5899.txt;900;1034;156.499;
../../Instancias/Spd_Inst_Rid_Final/Spd_RF2_900_1034_5907.txt;900;1034;156.499;
../../Instancias/Spd_Inst_Rid_Final/Spd_RF2_900_1034_5915.txt;900;1034;156.499;
../../Instancias/Spd_Inst_Rid_Final/Spd_RF2_900_1034_5923.txt;900;1034;156.499;
../../Instancias/Spd_Inst_Rid_Final/Spd_RF2_900_1079_5931.txt;900;1079;149.972;
../../Instancias/Spd_Inst_Rid_Final/Spd_RF2_900_1079_5939.txt;900;1079;149.972;
../../Instancias/Spd_Inst_Rid_Final/Spd_RF2_900_1079_5947.txt;900;1079;149.972;
../../Instancias/Spd_Inst_Rid_Final/Spd_RF2_900_1079_5955.txt;900;1079;149.972;
../../Instancias/Spd_Inst_Rid_Final/Spd_RF2_900_1079_5963.txt;900;1079;149.972;
../../Instancias/Spd_Inst_Rid_Final/Spd_RF2_900_1124_5971.txt;900;1124;143.968;
../../Instancias/Spd_Inst_Rid_Final/Spd_RF2_900_1124_5979.txt;900;1124;143.968;
../../Instancias/Spd_Inst_Rid_Final/Spd_RF2_900_1124_5987.txt;900;1124;143.968;
../../Instancias/Spd_Inst_Rid_Final/Spd_RF2_900_1124_5995.txt;900;1124;143.968;
../../Instancias/Spd_Inst_Rid_Final/Spd_RF2_900_1124_6003.txt;900;1124;143.968;
../../Instancias/Spd_Inst_Rid_Final/Spd_RF2_900_944_5811.txt;900;944;171.419;
../../Instancias/Spd_Inst_Rid_Final/Spd_RF2_900_944_5819.txt;900;944;171.419;
../../Instancias/Spd_Inst_Rid_Final/Spd_RF2_900_944_5827.txt;900;944;171.419;
../../Instancias/Spd_Inst_Rid_Final/Spd_RF2_900_944_5835.txt;900;944;171.419;
../../Instancias/Spd_Inst_Rid_Final/Spd_RF2_900_944_5843.txt;900;944;171.419;
../../Instancias/Spd_Inst_Rid_Final/Spd_RF2_900_989_5851.txt;900;989;163.62;
../../Instancias/Spd_Inst_Rid_Final/Spd_RF2_900_989_5859.txt;900;989;163.62;
../../Instancias/Spd_Inst_Rid_Final/Spd_RF2_900_989_5867.txt;900;989;163.62;
../../Instancias/Spd_Inst_Rid_Final/Spd_RF2_900_989_5875.txt;900;989;163.62;
../../Instancias/Spd_Inst_Rid_Final/Spd_RF2_900_989_5883.txt;900;989;163.62;
