../../Instancias/Spd_Inst_Rid_Final/Spd_RF2_1000_1047_6011.txt;1000;1047;1001;997;True;
../../Instancias/Spd_Inst_Rid_Final/Spd_RF2_1000_1047_6019.txt;1000;1047;1001;995;True;
../../Instancias/Spd_Inst_Rid_Final/Spd_RF2_1000_1047_6027.txt;1000;1047;1001;998;True;
../../Instancias/Spd_Inst_Rid_Final/Spd_RF2_1000_1047_6035.txt;1000;1047;1001;987;True;
../../Instancias/Spd_Inst_Rid_Final/Spd_RF2_1000_1047_6043.txt;1000;1047;1001;999;True;
../../Instancias/Spd_Inst_Rid_Final/Spd_RF2_1000_1095_6051.txt;1000;1095;1001;997;True;
../../Instancias/Spd_Inst_Rid_Final/Spd_RF2_1000_1095_6059.txt;1000;1095;1001;995;True;
../../Instancias/Spd_Inst_Rid_Final/Spd_RF2_1000_1095_6067.txt;1000;1095;1001;968;True;
../../Instancias/Spd_Inst_Rid_Final/Spd_RF2_1000_1095_6075.txt;1000;1095;1001;980;True;
../../Instancias/Spd_Inst_Rid_Final/Spd_RF2_1000_1095_6083.txt;1000;1095;1001;974;True;
../../Instancias/Spd_Inst_Rid_Final/Spd_RF2_1000_1143_6091.txt;1000;1143;1001;989;True;
../../Instancias/Spd_Inst_Rid_Final/Spd_RF2_1000_1143_6099.txt;1000;1143;1001;962;True;
../../Instancias/Spd_Inst_Rid_Final/Spd_RF2_1000_1143_6107.txt;1000;1143;1001;999;True;
../../Instancias/Spd_Inst_Rid_Final/Spd_RF2_1000_1143_6115.txt;1000;1143;1001;980;True;
../../Instancias/Spd_Inst_Rid_Final/Spd_RF2_1000_1143_6123.txt;1000;1143;1001;993;True;
../../Instancias/Spd_Inst_Rid_Final/Spd_RF2_1000_1191_6131.txt;1000;1191;1001;1000;True;
../../Instancias/Spd_Inst_Rid_Final/Spd_RF2_1000_1191_6139.txt;1000;1191;1001;985;True;
../../Instancias/Spd_Inst_Rid_Final/Spd_RF2_1000_1191_6147.txt;1000;1191;1001;994;True;
../../Instancias/Spd_Inst_Rid_Final/Spd_RF2_1000_1191_6155.txt;1000;1191;1001;998;True;
../../Instancias/Spd_Inst_Rid_Final/Spd_RF2_1000_1191_6163.txt;1000;1191;1001;992;True;
../../Instancias/Spd_Inst_Rid_Final/Spd_RF2_1000_1239_6171.txt;1000;1239;1001;980;True;
../../Instancias/Spd_Inst_Rid_Final/Spd_RF2_1000_1239_6179.txt;1000;1239;1001;1000;True;
../../Instancias/Spd_Inst_Rid_Final/Spd_RF2_1000_1239_6187.txt;1000;1239;1001;990;True;
../../Instancias/Spd_Inst_Rid_Final/Spd_RF2_1000_1239_6195.txt;1000;1239;1001;997;True;
../../Instancias/Spd_Inst_Rid_Final/Spd_RF2_1000_1239_6203.txt;1000;1239;1001;983;True;
../../Instancias/Spd_Inst_Rid_Final/Spd_RF2_100_114_1811.txt;100;114;106;96;True;
../../Instancias/Spd_Inst_Rid_Final/Spd_RF2_100_114_1819.txt;100;114;111;99;True;
../../Instancias/Spd_Inst_Rid_Final/Spd_RF2_100_114_1827.txt;100;114;109;99;True;
../../Instancias/Spd_Inst_Rid_Final/Spd_RF2_100_114_1835.txt;100;114;102;95;True;
../../Instancias/Spd_Inst_Rid_Final/Spd_RF2_100_114_1843.txt;100;114;107;99;True;
../../Instancias/Spd_Inst_Rid_Final/Spd_RF2_100_129_1851.txt;100;129;100;97;True;
../../Instancias/Spd_Inst_Rid_Final/Spd_RF2_100_129_1859.txt;100;129;98;94;True;
../../Instancias/Spd_Inst_Rid_Final/Spd_RF2_100_129_1867.txt;100;129;103;98;True;
../../Instancias/Spd_Inst_Rid_Final/Spd_RF2_100_129_1875.txt;100;129;97;94;True;
../../Instancias/Spd_Inst_Rid_Final/Spd_RF2_100_129_1883.txt;100;129;83;77;True;
../../Instancias/Spd_Inst_Rid_Final/Spd_RF2_100_144_1891.txt;100;144;88;87;True;
../../Instancias/Spd_Inst_Rid_Final/Spd_RF2_100_144_1899.txt;100;144;98;98;True;
../../Instancias/Spd_Inst_Rid_Final/Spd_RF2_100_144_1907.txt;100;144;98;96;True;
../../Instancias/Spd_Inst_Rid_Final/Spd_RF2_100_144_1915.txt;100;144;91;90;True;
../../Instancias/Spd_Inst_Rid_Final/Spd_RF2_100_144_1923.txt;100;144;93;92;True;
../../Instancias/Spd_Inst_Rid_Final/Spd_RF2_100_159_1931.txt;100;159;81;80;True;
../../Instancias/Spd_Inst_Rid_Final/Spd_RF2_100_159_1939.txt;100;159;67;67;True;
../../Instancias/Spd_Inst_Rid_Final/Spd_RF2_100_159_1947.txt;100;159;96;95;True;
../../Instancias/Spd_Inst_Rid_Final/Spd_RF2_100_159_1955.txt;100;159;78;78;True;
../../Instancias/Spd_Inst_Rid_Final/Spd_RF2_100_159_1963.txt;100;159;99;99;True;
../../Instancias/Spd_Inst_Rid_Final/Spd_RF2_100_174_1971.txt;100;174;92;92;True;
../../Instancias/Spd_Inst_Rid_Final/Spd_RF2_100_174_1979.txt;100;174;74;74;True;
../../Instancias/Spd_Inst_Rid_Final/Spd_RF2_100_174_1987.txt;100;174;95;93;True;
../../Instancias/Spd_Inst_Rid_Final/Spd_RF2_100_174_1995.txt;100;174;83;83;True;
../../Instancias/Spd_Inst_Rid_Final/Spd_RF2_100_174_2003.txt;100;174;94;94;True;
../../Instancias/Spd_Inst_Rid_Final/Spd_RF2_120_136_2211.txt;120;136;126;115;True;
../../Instancias/Spd_Inst_Rid_Final/Spd_RF2_120_136_2219.txt;120;136;133;120;True;
../../Instancias/Spd_Inst_Rid_Final/Spd_RF2_120_136_2227.txt;120;136;126;111;True;
../../Instancias/Spd_Inst_Rid_Final/Spd_RF2_120_136_2235.txt;120;136;129;120;True;
../../Instancias/Spd_Inst_Rid_Final/Spd_RF2_120_136_2243.txt;120;136;118;106;True;
../../Instancias/Spd_Inst_Rid_Final/Spd_RF2_120_152_2251.txt;120;152;112;109;True;
../../Instancias/Spd_Inst_Rid_Final/Spd_RF2_120_152_2259.txt;120;152;124;118;True;
../../Instancias/Spd_Inst_Rid_Final/Spd_RF2_120_152_2267.txt;120;152;114;111;True;
../../Instancias/Spd_Inst_Rid_Final/Spd_RF2_120_152_2275.txt;120;152;119;115;True;
../../Instancias/Spd_Inst_Rid_Final/Spd_RF2_120_152_2283.txt;120;152;118;115;True;
../../Instancias/Spd_Inst_Rid_Final/Spd_RF2_120_169_2291.txt;120;169;109;108;True;
../../Instancias/Spd_Inst_Rid_Final/Spd_RF2_120_169_2299.txt;120;169;106;103;True;
../../Instancias/Spd_Inst_Rid_Final/Spd_RF2_120_169_2307.txt;120;169;116;113;True;
../../Instancias/Spd_Inst_Rid_Final/Spd_RF2_120_169_2315.txt;120;169;120;120;True;
../../Instancias/Spd_Inst_Rid_Final/Spd_RF2_120_169_2323.txt;120;169;101;94;True;
../../Instancias/Spd_Inst_Rid_Final/Spd_RF2_120_185_2331.txt;120;185;97;96;True;
../../Instancias/Spd_Inst_Rid_Final/Spd_RF2_120_185_2339.txt;120;185;111;110;True;
../../Instancias/Spd_Inst_Rid_Final/Spd_RF2_120_185_2347.txt;120;185;122;120;True;
../../Instancias/Spd_Inst_Rid_Final/Spd_RF2_120_185_2355.txt;120;185;121;120;True;
../../Instancias/Spd_Inst_Rid_Final/Spd_RF2_120_185_2363.txt;120;185;116;115;True;
../../Instancias/Spd_Inst_Rid_Final/Spd_RF2_120_202_2371.txt;120;202;111;111;True;
../../Instancias/Spd_Inst_Rid_Final/Spd_RF2_120_202_2379.txt;120;202;109;108;True;
../../Instancias/Spd_Inst_Rid_Final/Spd_RF2_120_202_2387.txt;120;202;117;117;True;
../../Instancias/Spd_Inst_Rid_Final/Spd_RF2_120_202_2395.txt;120;202;87;85;True;
../../Instancias/Spd_Inst_Rid_Final/Spd_RF2_120_202_2403.txt;120;202;120;118;True;
../../Instancias/Spd_Inst_Rid_Final/Spd_RF2_140_157_2611.txt;140;157;149;138;True;
../../Instancias/Spd_Inst_Rid_Final/Spd_RF2_140_157_2619.txt;140;157;151;140;True;
../../Instancias/Spd_Inst_Rid_Final/Spd_RF2_140_157_2627.txt;140;157;153;140;True;
../../Instancias/Spd_Inst_Rid_Final/Spd_RF2_140_157_2635.txt;140;157;143;130;True;
../../Instancias/Spd_Inst_Rid_Final/Spd_RF2_140_157_2643.txt;140;157;142;128;True;
../../Instancias/Spd_Inst_Rid_Final/Spd_RF2_140_175_2651.txt;140;175;134;126;True;
../../Instancias/Spd_Inst_Rid_Final/Spd_RF2_140_175_2659.txt;140;175;132;126;True;
../../Instancias/Spd_Inst_Rid_Final/Spd_RF2_140_175_2667.txt;140;175;144;140;True;
../../Instancias/Spd_Inst_Rid_Final/Spd_RF2_140_175_2675.txt;140;175;137;132;True;
../../Instancias/Spd_Inst_Rid_Final/Spd_RF2_140_175_2683.txt;140;175;138;130;True;
../../Instancias/Spd_Inst_Rid_Final/Spd_RF2_140_193_2691.txt;140;193;142;140;True;
../../Instancias/Spd_Inst_Rid_Final/Spd_RF2_140_193_2699.txt;140;193;124;122;True;
../../Instancias/Spd_Inst_Rid_Final/Spd_RF2_140_193_2707.txt;140;193;142;139;True;
../../Instancias/Spd_Inst_Rid_Final/Spd_RF2_140_193_2715.txt;140;193;141;139;True;
../../Instancias/Spd_Inst_Rid_Final/Spd_RF2_140_193_2723.txt;140;193;103;103;True;
../../Instancias/Spd_Inst_Rid_Final/Spd_RF2_140_211_2731.txt;140;211;123;121;True;
../../Instancias/Spd_Inst_Rid_Final/Spd_RF2_140_211_2739.txt;140;211;138;138;True;
../../Instancias/Spd_Inst_Rid_Final/Spd_RF2_140_211_2747.txt;140;211;127;125;True;
../../Instancias/Spd_Inst_Rid_Final/Spd_RF2_140_211_2755.txt;140;211;138;136;True;
../../Instancias/Spd_Inst_Rid_Final/Spd_RF2_140_211_2763.txt;140;211;120;118;True;
../../Instancias/Spd_Inst_Rid_Final/Spd_RF2_140_229_2771.txt;140;229;126;126;True;
../../Instancias/Spd_Inst_Rid_Final/Spd_RF2_140_229_2779.txt;140;229;121;121;True;
../../Instancias/Spd_Inst_Rid_Final/Spd_RF2_140_229_2787.txt;140;229;129;128;True;
../../Instancias/Spd_Inst_Rid_Final/Spd_RF2_140_229_2795.txt;140;229;109;108;True;
../../Instancias/Spd_Inst_Rid_Final/Spd_RF2_140_229_2803.txt;140;229;138;137;True;
../../Instancias/Spd_Inst_Rid_Final/Spd_RF2_160_179_3011.txt;160;179;168;152;True;
../../Instancias/Spd_Inst_Rid_Final/Spd_RF2_160_179_3019.txt;160;179;172;157;True;
../../Instancias/Spd_Inst_Rid_Final/Spd_RF2_160_179_3027.txt;160;179;162;150;True;
../../Instancias/Spd_Inst_Rid_Final/Spd_RF2_160_179_3035.txt;160;179;171;157;True;
../../Instancias/Spd_Inst_Rid_Final/Spd_RF2_160_179_3043.txt;160;179;165;148;True;
../../Instancias/Spd_Inst_Rid_Final/Spd_RF2_160_198_3051.txt;160;198;156;148;True;
../../Instancias/Spd_Inst_Rid_Final/Spd_RF2_160_198_3059.txt;160;198;161;156;True;
../../Instancias/Spd_Inst_Rid_Final/Spd_RF2_160_198_3067.txt;160;198;168;160;True;
../../Instancias/Spd_Inst_Rid_Final/Spd_RF2_160_198_3075.txt;160;198;152;145;True;
../../Instancias/Spd_Inst_Rid_Final/Spd_RF2_160_198_3083.txt;160;198;166;158;True;
../../Instancias/Spd_Inst_Rid_Final/Spd_RF2_160_218_3091.txt;160;218;160;158;True;
../../Instancias/Spd_Inst_Rid_Final/Spd_RF2_160_218_3099.txt;160;218;155;152;True;
../../Instancias/Spd_Inst_Rid_Final/Spd_RF2_160_218_3107.txt;160;218;160;159;True;
../../Instancias/Spd_Inst_Rid_Final/Spd_RF2_160_218_3115.txt;160;218;162;159;True;
../../Instancias/Spd_Inst_Rid_Final/Spd_RF2_160_218_3123.txt;160;218;130;127;True;
../../Instancias/Spd_Inst_Rid_Final/Spd_RF2_160_237_3131.txt;160;237;147;147;True;
../../Instancias/Spd_Inst_Rid_Final/Spd_RF2_160_237_3139.txt;160;237;148;145;True;
../../Instancias/Spd_Inst_Rid_Final/Spd_RF2_160_237_3147.txt;160;237;120;118;True;
../../Instancias/Spd_Inst_Rid_Final/Spd_RF2_160_237_3155.txt;160;237;160;160;True;
../../Instancias/Spd_Inst_Rid_Final/Spd_RF2_160_237_3163.txt;160;237;135;134;True;
../../Instancias/Spd_Inst_Rid_Final/Spd_RF2_160_257_3171.txt;160;257;141;141;True;
../../Instancias/Spd_Inst_Rid_Final/Spd_RF2_160_257_3179.txt;160;257;147;146;True;
../../Instancias/Spd_Inst_Rid_Final/Spd_RF2_160_257_3187.txt;160;257;140;140;True;
../../Instancias/Spd_Inst_Rid_Final/Spd_RF2_160_257_3195.txt;160;257;148;148;True;
../../Instancias/Spd_Inst_Rid_Final/Spd_RF2_160_257_3203.txt;160;257;159;158;True;
../../Instancias/Spd_Inst_Rid_Final/Spd_RF2_180_200_3411.txt;180;200;194;174;True;
../../Instancias/Spd_Inst_Rid_Final/Spd_RF2_180_200_3419.txt;180;200;194;176;True;
../../Instancias/Spd_Inst_Rid_Final/Spd_RF2_180_200_3427.txt;180;200;205;178;True;
../../Instancias/Spd_Inst_Rid_Final/Spd_RF2_180_200_3435.txt;180;200;185;165;True;
../../Instancias/Spd_Inst_Rid_Final/Spd_RF2_180_200_3443.txt;180;200;199;179;True;
../../Instancias/Spd_Inst_Rid_Final/Spd_RF2_180_221_3451.txt;180;221;183;176;True;
../../Instancias/Spd_Inst_Rid_Final/Spd_RF2_180_221_3459.txt;180;221;159;148;True;
../../Instancias/Spd_Inst_Rid_Final/Spd_RF2_180_221_3467.txt;180;221;181;171;True;
../../Instancias/Spd_Inst_Rid_Final/Spd_RF2_180_221_3475.txt;180;221;182;173;True;
../../Instancias/Spd_Inst_Rid_Final/Spd_RF2_180_221_3483.txt;180;221;175;167;True;
../../Instancias/Spd_Inst_Rid_Final/Spd_RF2_180_242_3491.txt;180;242;158;153;True;
../../Instancias/Spd_Inst_Rid_Final/Spd_RF2_180_242_3499.txt;180;242;181;176;True;
../../Instancias/Spd_Inst_Rid_Final/Spd_RF2_180_242_3507.txt;180;242;171;167;True;
../../Instancias/Spd_Inst_Rid_Final/Spd_RF2_180_242_3515.txt;180;242;182;179;True;
../../Instancias/Spd_Inst_Rid_Final/Spd_RF2_180_242_3523.txt;180;242;168;164;True;
../../Instancias/Spd_Inst_Rid_Final/Spd_RF2_180_263_3531.txt;180;263;174;171;True;
../../Instancias/Spd_Inst_Rid_Final/Spd_RF2_180_263_3539.txt;180;263;137;136;True;
../../Instancias/Spd_Inst_Rid_Final/Spd_RF2_180_263_3547.txt;180;263;177;177;True;
../../Instancias/Spd_Inst_Rid_Final/Spd_RF2_180_263_3555.txt;180;263;166;163;True;
../../Instancias/Spd_Inst_Rid_Final/Spd_RF2_180_263_3563.txt;180;263;172;170;True;
../../Instancias/Spd_Inst_Rid_Final/Spd_RF2_180_284_3571.txt;180;284;177;176;True;
../../Instancias/Spd_Inst_Rid_Final/Spd_RF2_180_284_3579.txt;180;284;146;144;True;
../../Instancias/Spd_Inst_Rid_Final/Spd_RF2_180_284_3587.txt;180;284;166;166;True;
../../Instancias/Spd_Inst_Rid_Final/Spd_RF2_180_284_3595.txt;180;284;178;176;True;
../../Instancias/Spd_Inst_Rid_Final/Spd_RF2_180_284_3603.txt;180;284;164;164;True;
../../Instancias/Spd_Inst_Rid_Final/Spd_RF2_200_222_3811.txt;200;222;226;199;True;
../../Instancias/Spd_Inst_Rid_Final/Spd_RF2_200_222_3819.txt;200;222;225;199;True;
../../Instancias/Spd_Inst_Rid_Final/Spd_RF2_200_222_3827.txt;200;222;224;200;True;
../../Instancias/Spd_Inst_Rid_Final/Spd_RF2_200_222_3835.txt;200;222;222;200;True;
../../Instancias/Spd_Inst_Rid_Final/Spd_RF2_200_222_3843.txt;200;222;225;198;True;
../../Instancias/Spd_Inst_Rid_Final/Spd_RF2_200_244_3851.txt;200;244;208;199;True;
../../Instancias/Spd_Inst_Rid_Final/Spd_RF2_200_244_3859.txt;200;244;210;197;True;
../../Instancias/Spd_Inst_Rid_Final/Spd_RF2_200_244_3867.txt;200;244;208;196;True;
../../Instancias/Spd_Inst_Rid_Final/Spd_RF2_200_244_3875.txt;200;244;182;172;True;
../../Instancias/Spd_Inst_Rid_Final/Spd_RF2_200_244_3883.txt;200;244;200;191;True;
../../Instancias/Spd_Inst_Rid_Final/Spd_RF2_200_267_3891.txt;200;267;193;184;True;
../../Instancias/Spd_Inst_Rid_Final/Spd_RF2_200_267_3899.txt;200;267;197;190;True;
../../Instancias/Spd_Inst_Rid_Final/Spd_RF2_200_267_3907.txt;200;267;203;199;True;
../../Instancias/Spd_Inst_Rid_Final/Spd_RF2_200_267_3915.txt;200;267;188;185;True;
../../Instancias/Spd_Inst_Rid_Final/Spd_RF2_200_267_3923.txt;200;267;201;197;True;
../../Instancias/Spd_Inst_Rid_Final/Spd_RF2_200_289_3931.txt;200;289;200;197;True;
../../Instancias/Spd_Inst_Rid_Final/Spd_RF2_200_289_3939.txt;200;289;198;196;True;
../../Instancias/Spd_Inst_Rid_Final/Spd_RF2_200_289_3947.txt;200;289;191;188;True;
../../Instancias/Spd_Inst_Rid_Final/Spd_RF2_200_289_3955.txt;200;289;198;194;True;
../../Instancias/Spd_Inst_Rid_Final/Spd_RF2_200_289_3963.txt;200;289;181;178;True;
../../Instancias/Spd_Inst_Rid_Final/Spd_RF2_200_312_3971.txt;200;312;147;145;True;
../../Instancias/Spd_Inst_Rid_Final/Spd_RF2_200_312_3979.txt;200;312;194;192;True;
../../Instancias/Spd_Inst_Rid_Final/Spd_RF2_200_312_3987.txt;200;312;181;181;True;
../../Instancias/Spd_Inst_Rid_Final/Spd_RF2_200_312_3995.txt;200;312;172;172;True;
../../Instancias/Spd_Inst_Rid_Final/Spd_RF2_200_312_4003.txt;200;312;191;190;True;
../../Instancias/Spd_Inst_Rid_Final/Spd_RF2_20_27_211.txt;20;27;12;12;True;
../../Instancias/Spd_Inst_Rid_Final/Spd_RF2_20_27_219.txt;20;27;16;16;True;
../../Instancias/Spd_Inst_Rid_Final/Spd_RF2_20_27_227.txt;20;27;10;10;True;
../../Instancias/Spd_Inst_Rid_Final/Spd_RF2_20_27_235.txt;20;27;14;14;True;
../../Instancias/Spd_Inst_Rid_Final/Spd_RF2_20_27_243.txt;20;27;13;13;True;
../../Instancias/Spd_Inst_Rid_Final/Spd_RF2_20_34_251.txt;20;34;9;9;True;
../../Instancias/Spd_Inst_Rid_Final/Spd_RF2_20_34_259.txt;20;34;11;11;True;
../../Instancias/Spd_Inst_Rid_Final/Spd_RF2_20_34_267.txt;20;34;9;9;True;
../../Instancias/Spd_Inst_Rid_Final/Spd_RF2_20_34_275.txt;20;34;14;14;True;
../../Instancias/Spd_Inst_Rid_Final/Spd_RF2_20_34_283.txt;20;34;16;16;True;
../../Instancias/Spd_Inst_Rid_Final/Spd_RF2_20_42_291.txt;20;42;8;8;True;
../../Instancias/Spd_Inst_Rid_Final/Spd_RF2_20_42_299.txt;20;42;11;11;True;
../../Instancias/Spd_Inst_Rid_Final/Spd_RF2_20_42_307.txt;20;42;9;9;True;
../../Instancias/Spd_Inst_Rid_Final/Spd_RF2_20_42_315.txt;20;42;12;12;True;
../../Instancias/Spd_Inst_Rid_Final/Spd_RF2_20_42_323.txt;20;42;14;14;True;
../../Instancias/Spd_Inst_Rid_Final/Spd_RF2_20_49_331.txt;20;49;10;10;True;
../../Instancias/Spd_Inst_Rid_Final/Spd_RF2_20_49_339.txt;20;49;13;13;True;
../../Instancias/Spd_Inst_Rid_Final/Spd_RF2_20_49_347.txt;20;49;13;13;True;
../../Instancias/Spd_Inst_Rid_Final/Spd_RF2_20_49_355.txt;20;49;10;10;True;
../../Instancias/Spd_Inst_Rid_Final/Spd_RF2_20_49_363.txt;20;49;8;8;True;
../../Instancias/Spd_Inst_Rid_Final/Spd_RF2_20_57_371.txt;20;57;9;9;True;
../../Instancias/Spd_Inst_Rid_Final/Spd_RF2_20_57_379.txt;20;57;5;5;True;
../../Instancias/Spd_Inst_Rid_Final/Spd_RF2_20_57_387.txt;20;57;8;8;True;
../../Instancias/Spd_Inst_Rid_Final/Spd_RF2_20_57_395.txt;20;57;9;9;True;
../../Instancias/Spd_Inst_Rid_Final/Spd_RF2_20_57_403.txt;20;57;9;9;True;
../../Instancias/Spd_Inst_Rid_Final/Spd_RF2_250_273_4011.txt;250;273;285;249;True;
../../Instancias/Spd_Inst_Rid_Final/Spd_RF2_250_273_4019.txt;250;273;274;236;True;
../../Instancias/Spd_Inst_Rid_Final/Spd_RF2_250_273_4027.txt;250;273;250;222;True;
../../Instancias/Spd_Inst_Rid_Final/Spd_RF2_250_273_4035.txt;250;273;277;248;True;
../../Instancias/Spd_Inst_Rid_Final/Spd_RF2_250_273_4043.txt;250;273;284;250;True;
../../Instancias/Spd_Inst_Rid_Final/Spd_RF2_250_297_4051.txt;250;297;247;230;True;
../../Instancias/Spd_Inst_Rid_Final/Spd_RF2_250_297_4059.txt;250;297;261;246;True;
../../Instancias/Spd_Inst_Rid_Final/Spd_RF2_250_297_4067.txt;250;297;254;236;True;
../../Instancias/Spd_Inst_Rid_Final/Spd_RF2_250_297_4075.txt;250;297;263;247;True;
../../Instancias/Spd_Inst_Rid_Final/Spd_RF2_250_297_4083.txt;250;297;254;236;True;
../../Instancias/Spd_Inst_Rid_Final/Spd_RF2_250_321_4091.txt;250;321;249;237;True;
../../Instancias/Spd_Inst_Rid_Final/Spd_RF2_250_321_4099.txt;250;321;241;232;True;
../../Instancias/Spd_Inst_Rid_Final/Spd_RF2_250_321_4107.txt;250;321;257;249;True;
../../Instancias/Spd_Inst_Rid_Final/Spd_RF2_250_321_4115.txt;250;321;254;244;True;
../../Instancias/Spd_Inst_Rid_Final/Spd_RF2_250_321_4123.txt;250;321;258;245;True;
../../Instancias/Spd_Inst_Rid_Final/Spd_RF2_250_345_4131.txt;250;345;236;235;True;
../../Instancias/Spd_Inst_Rid_Final/Spd_RF2_250_345_4139.txt;250;345;249;243;True;
../../Instancias/Spd_Inst_Rid_Final/Spd_RF2_250_345_4147.txt;250;345;248;244;True;
../../Instancias/Spd_Inst_Rid_Final/Spd_RF2_250_345_4155.txt;250;345;253;249;True;
../../Instancias/Spd_Inst_Rid_Final/Spd_RF2_250_345_4163.txt;250;345;255;249;True;
../../Instancias/Spd_Inst_Rid_Final/Spd_RF2_250_369_4171.txt;250;369;246;244;True;
../../Instancias/Spd_Inst_Rid_Final/Spd_RF2_250_369_4179.txt;250;369;225;223;True;
../../Instancias/Spd_Inst_Rid_Final/Spd_RF2_250_369_4187.txt;250;369;229;223;True;
../../Instancias/Spd_Inst_Rid_Final/Spd_RF2_250_369_4195.txt;250;369;229;224;True;
../../Instancias/Spd_Inst_Rid_Final/Spd_RF2_250_369_4203.txt;250;369;250;249;True;
../../Instancias/Spd_Inst_Rid_Final/Spd_RF2_300_326_4211.txt;300;326;335;291;True;
../../Instancias/Spd_Inst_Rid_Final/Spd_RF2_300_326_4219.txt;300;326;327;287;True;
../../Instancias/Spd_Inst_Rid_Final/Spd_RF2_300_326_4227.txt;300;326;340;299;True;
../../Instancias/Spd_Inst_Rid_Final/Spd_RF2_300_326_4235.txt;300;326;339;297;True;
../../Instancias/Spd_Inst_Rid_Final/Spd_RF2_300_326_4243.txt;300;326;346;298;True;
../../Instancias/Spd_Inst_Rid_Final/Spd_RF2_300_353_4251.txt;300;353;321;297;True;
../../Instancias/Spd_Inst_Rid_Final/Spd_RF2_300_353_4259.txt;300;353;324;300;True;
../../Instancias/Spd_Inst_Rid_Final/Spd_RF2_300_353_4267.txt;300;353;315;289;True;
../../Instancias/Spd_Inst_Rid_Final/Spd_RF2_300_353_4275.txt;300;353;296;273;True;
../../Instancias/Spd_Inst_Rid_Final/Spd_RF2_300_353_4283.txt;300;353;315;289;True;
../../Instancias/Spd_Inst_Rid_Final/Spd_RF2_300_380_4291.txt;300;380;314;297;True;
../../Instancias/Spd_Inst_Rid_Final/Spd_RF2_300_380_4299.txt;300;380;301;289;True;
../../Instancias/Spd_Inst_Rid_Final/Spd_RF2_300_380_4307.txt;300;380;274;265;True;
../../Instancias/Spd_Inst_Rid_Final/Spd_RF2_300_380_4315.txt;300;380;295;285;True;
../../Instancias/Spd_Inst_Rid_Final/Spd_RF2_300_380_4323.txt;300;380;314;297;True;
../../Instancias/Spd_Inst_Rid_Final/Spd_RF2_300_407_4331.txt;300;407;308;300;True;
../../Instancias/Spd_Inst_Rid_Final/Spd_RF2_300_407_4339.txt;300;407;307;296;True;
../../Instancias/Spd_Inst_Rid_Final/Spd_RF2_300_407_4347.txt;300;407;306;296;True;
../../Instancias/Spd_Inst_Rid_Final/Spd_RF2_300_407_4355.txt;300;407;294;286;True;
../../Instancias/Spd_Inst_Rid_Final/Spd_RF2_300_407_4363.txt;300;407;297;292;True;
../../Instancias/Spd_Inst_Rid_Final/Spd_RF2_300_434_4371.txt;300;434;305;299;True;
../../Instancias/Spd_Inst_Rid_Final/Spd_RF2_300_434_4379.txt;300;434;280;276;True;
../../Instancias/Spd_Inst_Rid_Final/Spd_RF2_300_434_4387.txt;300;434;286;282;True;
../../Instancias/Spd_Inst_Rid_Final/Spd_RF2_300_434_4395.txt;300;434;297;294;True;
../../Instancias/Spd_Inst_Rid_Final/Spd_RF2_300_434_4403.txt;300;434;261;254;True;
../../Instancias/Spd_Inst_Rid_Final/Spd_RF2_350_378_4411.txt;350;378;398;343;True;
../../Instancias/Spd_Inst_Rid_Final/Spd_RF2_350_378_4419.txt;350;378;390;339;True;
../../Instancias/Spd_Inst_Rid_Final/Spd_RF2_350_378_4427.txt;350;378;390;340;True;
../../Instancias/Spd_Inst_Rid_Final/Spd_RF2_350_378_4435.txt;350;378;396;348;True;
../../Instancias/Spd_Inst_Rid_Final/Spd_RF2_350_378_4443.txt;350;378;380;330;True;
../../Instancias/Spd_Inst_Rid_Final/Spd_RF2_350_406_4451.txt;350;406;375;344;True;
../../Instancias/Spd_Inst_Rid_Final/Spd_RF2_350_406_4459.txt;350;406;376;347;True;
../../Instancias/Spd_Inst_Rid_Final/Spd_RF2_350_406_4467.txt;350;406;376;344;True;
../../Instancias/Spd_Inst_Rid_Final/Spd_RF2_350_406_4475.txt;350;406;366;338;True;
../../Instancias/Spd_Inst_Rid_Final/Spd_RF2_350_406_4483.txt;350;406;365;337;True;
../../Instancias/Spd_Inst_Rid_Final/Spd_RF2_350_435_4491.txt;350;435;343;326;True;
../../Instancias/Spd_Inst_Rid_Final/Spd_RF2_350_435_4499.txt;350;435;367;350;True;
../../Instancias/Spd_Inst_Rid_Final/Spd_RF2_350_435_4507.txt;350;435;360;343;True;
../../Instancias/Spd_Inst_Rid_Final/Spd_RF2_350_435_4515.txt;350;435;362;345;True;
../../Instancias/Spd_Inst_Rid_Final/Spd_RF2_350_435_4523.txt;350;435;366;349;True;
../../Instancias/Spd_Inst_Rid_Final/Spd_RF2_350_463_4531.txt;350;463;356;347;True;
../../Instancias/Spd_Inst_Rid_Final/Spd_RF2_350_463_4539.txt;350;463;362;349;True;
../../Instancias/Spd_Inst_Rid_Final/Spd_RF2_350_463_4547.txt;350;463;354;346;True;
../../Instancias/Spd_Inst_Rid_Final/Spd_RF2_350_463_4555.txt;350;463;336;332;True;
../../Instancias/Spd_Inst_Rid_Final/Spd_RF2_350_463_4563.txt;350;463;355;346;True;
../../Instancias/Spd_Inst_Rid_Final/Spd_RF2_350_492_4571.txt;350;492;337;331;True;
../../Instancias/Spd_Inst_Rid_Final/Spd_RF2_350_492_4579.txt;350;492;310;304;True;
../../Instancias/Spd_Inst_Rid_Final/Spd_RF2_350_492_4587.txt;350;492;333;325;True;
../../Instancias/Spd_Inst_Rid_Final/Spd_RF2_350_492_4595.txt;350;492;345;337;True;
../../Instancias/Spd_Inst_Rid_Final/Spd_RF2_350_492_4603.txt;350;492;331;325;True;
../../Instancias/Spd_Inst_Rid_Final/Spd_RF2_400_429_4611.txt;400;429;446;386;True;
../../Instancias/Spd_Inst_Rid_Final/Spd_RF2_400_429_4619.txt;400;429;460;393;True;
../../Instancias/Spd_Inst_Rid_Final/Spd_RF2_400_429_4627.txt;400;429;454;397;True;
../../Instancias/Spd_Inst_Rid_Final/Spd_RF2_400_429_4635.txt;400;429;458;398;True;
../../Instancias/Spd_Inst_Rid_Final/Spd_RF2_400_429_4643.txt;400;429;457;395;True;
../../Instancias/Spd_Inst_Rid_Final/Spd_RF2_400_459_4651.txt;400;459;430;392;True;
../../Instancias/Spd_Inst_Rid_Final/Spd_RF2_400_459_4659.txt;400;459;437;395;True;
../../Instancias/Spd_Inst_Rid_Final/Spd_RF2_400_459_4667.txt;400;459;441;400;True;
../../Instancias/Spd_Inst_Rid_Final/Spd_RF2_400_459_4675.txt;400;459;428;392;True;
../../Instancias/Spd_Inst_Rid_Final/Spd_RF2_400_459_4683.txt;400;459;433;397;True;
../../Instancias/Spd_Inst_Rid_Final/Spd_RF2_400_489_4691.txt;400;489;421;399;True;
../../Instancias/Spd_Inst_Rid_Final/Spd_RF2_400_489_4699.txt;400;489;418;394;True;
../../Instancias/Spd_Inst_Rid_Final/Spd_RF2_400_489_4707.txt;400;489;406;382;True;
../../Instancias/Spd_Inst_Rid_Final/Spd_RF2_400_489_4715.txt;400;489;423;400;True;
../../Instancias/Spd_Inst_Rid_Final/Spd_RF2_400_489_4723.txt;400;489;424;399;True;
../../Instancias/Spd_Inst_Rid_Final/Spd_RF2_400_519_4731.txt;400;519;409;395;True;
../../Instancias/Spd_Inst_Rid_Final/Spd_RF2_400_519_4739.txt;400;519;390;375;True;
../../Instancias/Spd_Inst_Rid_Final/Spd_RF2_400_519_4747.txt;400;519;409;395;True;
../../Instancias/Spd_Inst_Rid_Final/Spd_RF2_400_519_4755.txt;400;519;413;399;True;
../../Instancias/Spd_Inst_Rid_Final/Spd_RF2_400_519_4763.txt;400;519;414;398;True;
../../Instancias/Spd_Inst_Rid_Final/Spd_RF2_400_549_4771.txt;400;549;380;367;True;
../../Instancias/Spd_Inst_Rid_Final/Spd_RF2_400_549_4779.txt;400;549;403;396;True;
../../Instancias/Spd_Inst_Rid_Final/Spd_RF2_400_549_4787.txt;400;549;407;399;True;
../../Instancias/Spd_Inst_Rid_Final/Spd_RF2_400_549_4795.txt;400;549;405;395;True;
../../Instancias/Spd_Inst_Rid_Final/Spd_RF2_400_549_4803.txt;400;549;407;398;True;
../../Instancias/Spd_Inst_Rid_Final/Spd_RF2_40_50_611.txt;40;50;31;29;True;
../../Instancias/Spd_Inst_Rid_Final/Spd_RF2_40_50_619.txt;40;50;38;38;True;
../../Instancias/Spd_Inst_Rid_Final/Spd_RF2_40_50_627.txt;40;50;35;33;True;
../../Instancias/Spd_Inst_Rid_Final/Spd_RF2_40_50_635.txt;40;50;39;38;True;
../../Instancias/Spd_Inst_Rid_Final/Spd_RF2_40_50_643.txt;40;50;27;25;True;
../../Instancias/Spd_Inst_Rid_Final/Spd_RF2_40_60_651.txt;40;60;28;28;True;
../../Instancias/Spd_Inst_Rid_Final/Spd_RF2_40_60_659.txt;40;60;26;26;True;
../../Instancias/Spd_Inst_Rid_Final/Spd_RF2_40_60_667.txt;40;60;29;29;True;
../../Instancias/Spd_Inst_Rid_Final/Spd_RF2_40_60_675.txt;40;60;32;32;True;
../../Instancias/Spd_Inst_Rid_Final/Spd_RF2_40_60_683.txt;40;60;33;33;True;
../../Instancias/Spd_Inst_Rid_Final/Spd_RF2_40_71_691.txt;40;71;26;26;True;
../../Instancias/Spd_Inst_Rid_Final/Spd_RF2_40_71_699.txt;40;71;25;25;True;
../../Instancias/Spd_Inst_Rid_Final/Spd_RF2_40_71_707.txt;40;71;40;40;True;
../../Instancias/Spd_Inst_Rid_Final/Spd_RF2_40_71_715.txt;40;71;40;40;True;
../../Instancias/Spd_Inst_Rid_Final/Spd_RF2_40_71_723.txt;40;71;28;28;True;
../../Instancias/Spd_Inst_Rid_Final/Spd_RF2_40_81_731.txt;40;81;23;23;True;
../../Instancias/Spd_Inst_Rid_Final/Spd_RF2_40_81_739.txt;40;81;25;25;True;
../../Instancias/Spd_Inst_Rid_Final/Spd_RF2_40_81_747.txt;40;81;29;29;True;
../../Instancias/Spd_Inst_Rid_Final/Spd_RF2_40_81_755.txt;40;81;25;25;True;
../../Instancias/Spd_Inst_Rid_Final/Spd_RF2_40_81_763.txt;40;81;27;27;True;
../../Instancias/Spd_Inst_Rid_Final/Spd_RF2_40_92_771.txt;40;92;22;22;True;
../../Instancias/Spd_Inst_Rid_Final/Spd_RF2_40_92_779.txt;40;92;25;25;True;
../../Instancias/Spd_Inst_Rid_Final/Spd_RF2_40_92_787.txt;40;92;28;28;True;
../../Instancias/Spd_Inst_Rid_Final/Spd_RF2_40_92_795.txt;40;92;23;23;True;
../../Instancias/Spd_Inst_Rid_Final/Spd_RF2_40_92_803.txt;40;92;21;21;True;
../../Instancias/Spd_Inst_Rid_Final/Spd_RF2_450_482_4811.txt;450;482;517;448;True;
../../Instancias/Spd_Inst_Rid_Final/Spd_RF2_450_482_4819.txt;450;482;506;437;True;
../../Instancias/Spd_Inst_Rid_Final/Spd_RF2_450_482_4827.txt;450;482;506;443;True;
../../Instancias/Spd_Inst_Rid_Final/Spd_RF2_450_482_4835.txt;450;482;526;450;True;
../../Instancias/Spd_Inst_Rid_Final/Spd_RF2_450_482_4843.txt;450;482;518;448;True;
../../Instancias/Spd_Inst_Rid_Final/Spd_RF2_450_515_4851.txt;450;515;491;448;True;
../../Instancias/Spd_Inst_Rid_Final/Spd_RF2_450_515_4859.txt;450;515;476;438;True;
../../Instancias/Spd_Inst_Rid_Final/Spd_RF2_450_515_4867.txt;450;515;485;448;True;
../../Instancias/Spd_Inst_Rid_Final/Spd_RF2_450_515_4875.txt;450;515;489;449;True;
../../Instancias/Spd_Inst_Rid_Final/Spd_RF2_450_515_4883.txt;450;515;464;430;True;
../../Instancias/Spd_Inst_Rid_Final/Spd_RF2_450_548_4891.txt;450;548;473;445;True;
../../Instancias/Spd_Inst_Rid_Final/Spd_RF2_450_548_4899.txt;450;548;463;438;True;
../../Instancias/Spd_Inst_Rid_Final/Spd_RF2_450_548_4907.txt;450;548;455;431;True;
../../Instancias/Spd_Inst_Rid_Final/Spd_RF2_450_548_4915.txt;450;548;468;444;True;
../../Instancias/Spd_Inst_Rid_Final/Spd_RF2_450_548_4923.txt;450;548;467;439;True;
../../Instancias/Spd_Inst_Rid_Final/Spd_RF2_450_581_4931.txt;450;581;465;449;True;
../../Instancias/Spd_Inst_Rid_Final/Spd_RF2_450_581_4939.txt;450;581;459;442;True;
../../Instancias/Spd_Inst_Rid_Final/Spd_RF2_450_581_4947.txt;450;581;455;437;True;
../../Instancias/Spd_Inst_Rid_Final/Spd_RF2_450_581_4955.txt;450;581;459;444;True;
../../Instancias/Spd_Inst_Rid_Final/Spd_RF2_450_581_4963.txt;450;581;465;448;True;
../../Instancias/Spd_Inst_Rid_Final/Spd_RF2_450_614_4971.txt;450;614;455;443;True;
../../Instancias/Spd_Inst_Rid_Final/Spd_RF2_450_614_4979.txt;450;614;456;442;True;
../../Instancias/Spd_Inst_Rid_Final/Spd_RF2_450_614_4987.txt;450;614;461;449;True;
../../Instancias/Spd_Inst_Rid_Final/Spd_RF2_450_614_4995.txt;450;614;445;434;True;
../../Instancias/Spd_Inst_Rid_Final/Spd_RF2_450_614_5003.txt;450;614;457;446;True;
../../Instancias/Spd_Inst_Rid_Final/Spd_RF2_500_534_5011.txt;500;534;568;496;True;
../../Instancias/Spd_Inst_Rid_Final/Spd_RF2_500_534_5019.txt;500;534;578;498;True;
../../Instancias/Spd_Inst_Rid_Final/Spd_RF2_500_534_5027.txt;500;534;580;500;True;
../../Instancias/Spd_Inst_Rid_Final/Spd_RF2_500_534_5035.txt;500;534;572;482;True;
../../Instancias/Spd_Inst_Rid_Final/Spd_RF2_500_534_5043.txt;500;534;551;479;True;
../../Instancias/Spd_Inst_Rid_Final/Spd_RF2_500_568_5051.txt;500;568;543;488;True;
../../Instancias/Spd_Inst_Rid_Final/Spd_RF2_500_568_5059.txt;500;568;554;499;True;
../../Instancias/Spd_Inst_Rid_Final/Spd_RF2_500_568_5067.txt;500;568;535;493;True;
../../Instancias/Spd_Inst_Rid_Final/Spd_RF2_500_568_5075.txt;500;568;547;496;True;
../../Instancias/Spd_Inst_Rid_Final/Spd_RF2_500_568_5083.txt;500;568;551;498;True;
../../Instancias/Spd_Inst_Rid_Final/Spd_RF2_500_603_5091.txt;500;603;543;500;True;
../../Instancias/Spd_Inst_Rid_Final/Spd_RF2_500_603_5099.txt;500;603;523;492;True;
../../Instancias/Spd_Inst_Rid_Final/Spd_RF2_500_603_5107.txt;500;603;532;500;True;
../../Instancias/Spd_Inst_Rid_Final/Spd_RF2_500_603_5115.txt;500;603;523;492;True;
../../Instancias/Spd_Inst_Rid_Final/Spd_RF2_500_603_5123.txt;500;603;521;494;True;
../../Instancias/Spd_Inst_Rid_Final/Spd_RF2_500_637_5131.txt;500;637;519;492;True;
../../Instancias/Spd_Inst_Rid_Final/Spd_RF2_500_637_5139.txt;500;637;522;493;True;
../../Instancias/Spd_Inst_Rid_Final/Spd_RF2_500_637_5147.txt;500;637;517;500;True;
../../Instancias/Spd_Inst_Rid_Final/Spd_RF2_500_637_5155.txt;500;637;515;494;True;
../../Instancias/Spd_Inst_Rid_Final/Spd_RF2_500_637_5163.txt;500;637;516;500;True;
../../Instancias/Spd_Inst_Rid_Final/Spd_RF2_500_672_5171.txt;500;672;508;496;True;
../../Instancias/Spd_Inst_Rid_Final/Spd_RF2_500_672_5179.txt;500;672;508;496;True;
../../Instancias/Spd_Inst_Rid_Final/Spd_RF2_500_672_5187.txt;500;672;491;482;True;
../../Instancias/Spd_Inst_Rid_Final/Spd_RF2_500_672_5195.txt;500;672;509;499;True;
../../Instancias/Spd_Inst_Rid_Final/Spd_RF2_500_672_5203.txt;500;672;513;499;True;
../../Instancias/Spd_Inst_Rid_Final/Spd_RF2_600_637_5211.txt;600;637;715;577;True;
../../Instancias/Spd_Inst_Rid_Final/Spd_RF2_600_637_5219.txt;600;637;721;592;True;
../../Instancias/Spd_Inst_Rid_Final/Spd_RF2_600_637_5227.txt;600;637;719;589;True;
../../Instancias/Spd_Inst_Rid_Final/Spd_RF2_600_637_5235.txt;600;637;728;593;True;
../../Instancias/Spd_Inst_Rid_Final/Spd_RF2_600_637_5243.txt;600;637;712;577;True;
../../Instancias/Spd_Inst_Rid_Final/Spd_RF2_600_674_5251.txt;600;674;672;565;True;
../../Instancias/Spd_Inst_Rid_Final/Spd_RF2_600_674_5259.txt;600;674;701;596;True;
../../Instancias/Spd_Inst_Rid_Final/Spd_RF2_600_674_5267.txt;600;674;700;594;True;
../../Instancias/Spd_Inst_Rid_Final/Spd_RF2_600_674_5275.txt;600;674;702;597;True;
../../Instancias/Spd_Inst_Rid_Final/Spd_RF2_600_674_5283.txt;600;674;695;592;True;
../../Instancias/Spd_Inst_Rid_Final/Spd_RF2_600_712_5291.txt;600;712;671;588;True;
../../Instancias/Spd_Inst_Rid_Final/Spd_RF2_600_712_5299.txt;600;712;687;600;True;
../../Instancias/Spd_Inst_Rid_Final/Spd_RF2_600_712_5307.txt;600;712;685;598;True;
../../Instancias/Spd_Inst_Rid_Final/Spd_RF2_600_712_5315.txt;600;712;669;577;True;
../../Instancias/Spd_Inst_Rid_Final/Spd_RF2_600_712_5323.txt;600;712;684;600;True;
../../Instancias/Spd_Inst_Rid_Final/Spd_RF2_600_749_5331.txt;600;749;659;583;True;
../../Instancias/Spd_Inst_Rid_Final/Spd_RF2_600_749_5339.txt;600;749;663;593;True;
../../Instancias/Spd_Inst_Rid_Final/Spd_RF2_600_749_5347.txt;600;749;671;600;True;
../../Instancias/Spd_Inst_Rid_Final/Spd_RF2_600_749_5355.txt;600;749;659;588;True;
../../Instancias/Spd_Inst_Rid_Final/Spd_RF2_600_749_5363.txt;600;749;669;599;True;
../../Instancias/Spd_Inst_Rid_Final/Spd_RF2_600_787_5371.txt;600;787;655;594;True;
../../Instancias/Spd_Inst_Rid_Final/Spd_RF2_600_787_5379.txt;600;787;666;599;True;
../../Instancias/Spd_Inst_Rid_Final/Spd_RF2_600_787_5387.txt;600;787;659;600;True;
../../Instancias/Spd_Inst_Rid_Final/Spd_RF2_600_787_5395.txt;600;787;646;585;True;
../../Instancias/Spd_Inst_Rid_Final/Spd_RF2_600_787_5403.txt;600;787;658;599;True;
../../Instancias/Spd_Inst_Rid_Final/Spd_RF2_60_107_1131.txt;60;107;34;34;True;
../../Instancias/Spd_Inst_Rid_Final/Spd_RF2_60_107_1139.txt;60;107;60;60;True;
../../Instancias/Spd_Inst_Rid_Final/Spd_RF2_60_107_1147.txt;60;107;33;33;True;
../../Instancias/Spd_Inst_Rid_Final/Spd_RF2_60_107_1155.txt;60;107;49;49;True;
../../Instancias/Spd_Inst_Rid_Final/Spd_RF2_60_107_1163.txt;60;107;47;47;True;
../../Instancias/Spd_Inst_Rid_Final/Spd_RF2_60_119_1171.txt;60;119;34;34;True;
../../Instancias/Spd_Inst_Rid_Final/Spd_RF2_60_119_1179.txt;60;119;51;51;True;
../../Instancias/Spd_Inst_Rid_Final/Spd_RF2_60_119_1187.txt;60;119;42;42;True;
../../Instancias/Spd_Inst_Rid_Final/Spd_RF2_60_119_1195.txt;60;119;35;35;True;
../../Instancias/Spd_Inst_Rid_Final/Spd_RF2_60_119_1203.txt;60;119;38;38;True;
../../Instancias/Spd_Inst_Rid_Final/Spd_RF2_60_71_1011.txt;60;71;55;53;True;
../../Instancias/Spd_Inst_Rid_Final/Spd_RF2_60_71_1019.txt;60;71;50;47;True;
../../Instancias/Spd_Inst_Rid_Final/Spd_RF2_60_71_1027.txt;60;71;58;54;True;
../../Instancias/Spd_Inst_Rid_Final/Spd_RF2_60_71_1035.txt;60;71;46;45;True;
../../Instancias/Spd_Inst_Rid_Final/Spd_RF2_60_71_1043.txt;60;71;62;58;True;
../../Instancias/Spd_Inst_Rid_Final/Spd_RF2_60_83_1051.txt;60;83;39;38;True;
../../Instancias/Spd_Inst_Rid_Final/Spd_RF2_60_83_1059.txt;60;83;59;59;True;
../../Instancias/Spd_Inst_Rid_Final/Spd_RF2_60_83_1067.txt;60;83;53;52;True;
../../Instancias/Spd_Inst_Rid_Final/Spd_RF2_60_83_1075.txt;60;83;62;60;True;
../../Instancias/Spd_Inst_Rid_Final/Spd_RF2_60_83_1083.txt;60;83;38;38;True;
../../Instancias/Spd_Inst_Rid_Final/Spd_RF2_60_95_1091.txt;60;95;52;51;True;
../../Instancias/Spd_Inst_Rid_Final/Spd_RF2_60_95_1099.txt;60;95;53;53;True;
../../Instancias/Spd_Inst_Rid_Final/Spd_RF2_60_95_1107.txt;60;95;47;47;True;
../../Instancias/Spd_Inst_Rid_Final/Spd_RF2_60_95_1115.txt;60;95;53;53;True;
../../Instancias/Spd_Inst_Rid_Final/Spd_RF2_60_95_1123.txt;60;95;41;41;True;
../../Instancias/Spd_Inst_Rid_Final/Spd_RF2_700_740_5411.txt;700;740;848;694;True;
../../Instancias/Spd_Inst_Rid_Final/Spd_RF2_700_740_5419.txt;700;740;839;681;True;
../../Instancias/Spd_Inst_Rid_Final/Spd_RF2_700_740_5427.txt;700;740;855;698;True;
../../Instancias/Spd_Inst_Rid_Final/Spd_RF2_700_740_5435.txt;700;740;799;647;True;
../../Instancias/Spd_Inst_Rid_Final/Spd_RF2_700_740_5443.txt;700;740;835;680;True;
../../Instancias/Spd_Inst_Rid_Final/Spd_RF2_700_780_5451.txt;700;780;828;700;True;
../../Instancias/Spd_Inst_Rid_Final/Spd_RF2_700_780_5459.txt;700;780;825;696;True;
../../Instancias/Spd_Inst_Rid_Final/Spd_RF2_700_780_5467.txt;700;780;816;693;True;
../../Instancias/Spd_Inst_Rid_Final/Spd_RF2_700_780_5475.txt;700;780;776;649;True;
../../Instancias/Spd_Inst_Rid_Final/Spd_RF2_700_780_5483.txt;700;780;806;681;True;
../../Instancias/Spd_Inst_Rid_Final/Spd_RF2_700_821_5491.txt;700;821;801;695;True;
../../Instancias/Spd_Inst_Rid_Final/Spd_RF2_700_821_5499.txt;700;821;778;671;True;
../../Instancias/Spd_Inst_Rid_Final/Spd_RF2_700_821_5507.txt;700;821;777;674;True;
../../Instancias/Spd_Inst_Rid_Final/Spd_RF2_700_821_5515.txt;700;821;803;694;True;
../../Instancias/Spd_Inst_Rid_Final/Spd_RF2_700_821_5523.txt;700;821;798;696;True;
../../Instancias/Spd_Inst_Rid_Final/Spd_RF2_700_861_5531.txt;700;861;789;696;True;
../../Instancias/Spd_Inst_Rid_Final/Spd_RF2_700_861_5539.txt;700;861;777;690;True;
../../Instancias/Spd_Inst_Rid_Final/Spd_RF2_700_861_5547.txt;700;861;795;700;True;
../../Instancias/Spd_Inst_Rid_Final/Spd_RF2_700_861_5555.txt;700;861;773;687;True;
../../Instancias/Spd_Inst_Rid_Final/Spd_RF2_700_861_5563.txt;700;861;795;700;True;
../../Instancias/Spd_Inst_Rid_Final/Spd_RF2_700_902_5571.txt;700;902;770;696;True;
../../Instancias/Spd_Inst_Rid_Final/Spd_RF2_700_902_5579.txt;700;902;761;682;True;
../../Instancias/Spd_Inst_Rid_Final/Spd_RF2_700_902_5587.txt;700;902;763;690;True;
../../Instancias/Spd_Inst_Rid_Final/Spd_RF2_700_902_5595.txt;700;902;756;682;True;
../../Instancias/Spd_Inst_Rid_Final/Spd_RF2_700_902_5603.txt;700;902;762;689;True;
../../Instancias/Spd_Inst_Rid_Final/Spd_RF2_800_1017_5771.txt;800;1017;875;782;True;
../../Instancias/Spd_Inst_Rid_Final/Spd_RF2_800_1017_5779.txt;800;1017;893;795;True;
../../Instancias/Spd_Inst_Rid_Final/Spd_RF2_800_1017_5787.txt;800;1017;888;800;True;
../../Instancias/Spd_Inst_Rid_Final/Spd_RF2_800_1017_5795.txt;800;1017;887;798;True;
../../Instancias/Spd_Inst_Rid_Final/Spd_RF2_800_1017_5803.txt;800;1017;861;773;True;
../../Instancias/Spd_Inst_Rid_Final/Spd_RF2_800_843_5611.txt;800;843;986;800;True;
../../Instancias/Spd_Inst_Rid_Final/Spd_RF2_800_843_5619.txt;800;843;952;769;True;
../../Instancias/Spd_Inst_Rid_Final/Spd_RF2_800_843_5627.txt;800;843;975;798;True;
../../Instancias/Spd_Inst_Rid_Final/Spd_RF2_800_843_5635.txt;800;843;951;771;True;
../../Instancias/Spd_Inst_Rid_Final/Spd_RF2_800_843_5643.txt;800;843;979;792;True;
../../Instancias/Spd_Inst_Rid_Final/Spd_RF2_800_886_5651.txt;800;886;944;795;True;
../../Instancias/Spd_Inst_Rid_Final/Spd_RF2_800_886_5659.txt;800;886;932;783;True;
../../Instancias/Spd_Inst_Rid_Final/Spd_RF2_800_886_5667.txt;800;886;928;776;True;
../../Instancias/Spd_Inst_Rid_Final/Spd_RF2_800_886_5675.txt;800;886;947;800;True;
../../Instancias/Spd_Inst_Rid_Final/Spd_RF2_800_886_5683.txt;800;886;946;800;True;
../../Instancias/Spd_Inst_Rid_Final/Spd_RF2_800_930_5691.txt;800;930;919;795;True;
../../Instancias/Spd_Inst_Rid_Final/Spd_RF2_800_930_5699.txt;800;930;918;794;True;
../../Instancias/Spd_Inst_Rid_Final/Spd_RF2_800_930_5707.txt;800;930;923;800;True;
../../Instancias/Spd_Inst_Rid_Final/Spd_RF2_800_930_5715.txt;800;930;906;788;True;
../../Instancias/Spd_Inst_Rid_Final/Spd_RF2_800_930_5723.txt;800;930;915;789;True;
../../Instancias/Spd_Inst_Rid_Final/Spd_RF2_800_973_5731.txt;800;973;899;799;True;
../../Instancias/Spd_Inst_Rid_Final/Spd_RF2_800_973_5739.txt;800;973;872;761;True;
../../Instancias/Spd_Inst_Rid_Final/Spd_RF2_800_973_5747.txt;800;973;902;800;True;
../../Instancias/Spd_Inst_Rid_Final/Spd_RF2_800_973_5755.txt;800;973;879;775;True;
../../Instancias/Spd_Inst_Rid_Final/Spd_RF2_800_973_5763.txt;800;973;903;800;True;
../../Instancias/Spd_Inst_Rid_Final/Spd_RF2_80_106_1451.txt;80;106;82;80;True;
../../Instancias/Spd_Inst_Rid_Final/Spd_RF2_80_106_1459.txt;80;106;82;80;True;
../../Instancias/Spd_Inst_Rid_Final/Spd_RF2_80_106_1467.txt;80;106;75;72;True;
../../Instancias/Spd_Inst_Rid_Final/Spd_RF2_80_106_1475.txt;80;106;80;80;True;
../../Instancias/Spd_Inst_Rid_Final/Spd_RF2_80_106_1483.txt;80;106;75;73;True;
../../Instancias/Spd_Inst_Rid_Final/Spd_RF2_80_120_1491.txt;80;120;80;79;True;
../../Instancias/Spd_Inst_Rid_Final/Spd_RF2_80_120_1499.txt;80;120;61;61;True;
../../Instancias/Spd_Inst_Rid_Final/Spd_RF2_80_120_1507.txt;80;120;73;73;True;
../../Instancias/Spd_Inst_Rid_Final/Spd_RF2_80_120_1515.txt;80;120;80;78;True;
../../Instancias/Spd_Inst_Rid_Final/Spd_RF2_80_120_1523.txt;80;120;71;69;True;
../../Instancias/Spd_Inst_Rid_Final/Spd_RF2_80_133_1531.txt;80;133;41;41;True;
../../Instancias/Spd_Inst_Rid_Final/Spd_RF2_80_133_1539.txt;80;133;68;68;True;
../../Instancias/Spd_Inst_Rid_Final/Spd_RF2_80_133_1547.txt;80;133;61;61;True;
../../Instancias/Spd_Inst_Rid_Final/Spd_RF2_80_133_1555.txt;80;133;60;60;True;
../../Instancias/Spd_Inst_Rid_Final/Spd_RF2_80_133_1563.txt;80;133;77;77;True;
../../Instancias/Spd_Inst_Rid_Final/Spd_RF2_80_147_1571.txt;80;147;53;53;True;
../../Instancias/Spd_Inst_Rid_Final/Spd_RF2_80_147_1579.txt;80;147;75;75;True;
../../Instancias/Spd_Inst_Rid_Final/Spd_RF2_80_147_1587.txt;80;147;50;50;True;
../../Instancias/Spd_Inst_Rid_Final/Spd_RF2_80_147_1595.txt;80;147;55;54;True;
../../Instancias/Spd_Inst_Rid_Final/Spd_RF2_80_147_1603.txt;80;147;72;72;True;
../../Instancias/Spd_Inst_Rid_Final/Spd_RF2_80_93_1411.txt;80;93;80;74;True;
../../Instancias/Spd_Inst_Rid_Final/Spd_RF2_80_93_1419.txt;80;93;86;78;True;
../../Instancias/Spd_Inst_Rid_Final/Spd_RF2_80_93_1427.txt;80;93;81;76;True;
../../Instancias/Spd_Inst_Rid_Final/Spd_RF2_80_93_1435.txt;80;93;87;80;True;
../../Instancias/Spd_Inst_Rid_Final/Spd_RF2_80_93_1443.txt;80;93;57;51;True;
../../Instancias/Spd_Inst_Rid_Final/Spd_RF2_900_1034_5891.txt;900;1034;1001;889;True;
../../Instancias/Spd_Inst_Rid_Final/Spd_RF2_900_1034_5899.txt;900;1034;1001;898;True;
../../Instancias/Spd_Inst_Rid_Final/Spd_RF2_900_1034_5907.txt;900;1034;1001;895;True;
../../Instancias/Spd_Inst_Rid_Final/Spd_RF2_900_1034_5915.txt;900;1034;1001;876;True;
../../Instancias/Spd_Inst_Rid_Final/Spd_RF2_900_1034_5923.txt;900;1034;1001;898;True;
../../Instancias/Spd_Inst_Rid_Final/Spd_RF2_900_1079_5931.txt;900;1079;1001;890;True;
../../Instancias/Spd_Inst_Rid_Final/Spd_RF2_900_1079_5939.txt;900;1079;1001;881;True;
../../Instancias/Spd_Inst_Rid_Final/Spd_RF2_900_1079_5947.txt;900;1079;1001;879;True;
../../Instancias/Spd_Inst_Rid_Final/Spd_RF2_900_1079_5955.txt;900;1079;1001;899;True;
../../Instancias/Spd_Inst_Rid_Final/Spd_RF2_900_1079_5963.txt;900;1079;1001;894;True;
../../Instancias/Spd_Inst_Rid_Final/Spd_RF2_900_1124_5971.txt;900;1124;1001;895;True;
../../Instancias/Spd_Inst_Rid_Final/Spd_RF2_900_1124_5979.txt;900;1124;1001;895;True;
../../Instancias/Spd_Inst_Rid_Final/Spd_RF2_900_1124_5987.txt;900;1124;1001;897;True;
../../Instancias/Spd_Inst_Rid_Final/Spd_RF2_900_1124_5995.txt;900;1124;1001;893;True;
../../Instancias/Spd_Inst_Rid_Final/Spd_RF2_900_1124_6003.txt;900;1124;985;870;True;
../../Instancias/Spd_Inst_Rid_Final/Spd_RF2_900_944_5811.txt;900;944;1001;847;True;
../../Instancias/Spd_Inst_Rid_Final/Spd_RF2_900_944_5819.txt;900;944;1001;899;True;
../../Instancias/Spd_Inst_Rid_Final/Spd_RF2_900_944_5827.txt;900;944;1001;869;True;
../../Instancias/Spd_Inst_Rid_Final/Spd_RF2_900_944_5835.txt;900;944;1001;894;True;
../../Instancias/Spd_Inst_Rid_Final/Spd_RF2_900_944_5843.txt;900;944;1001;888;True;
../../Instancias/Spd_Inst_Rid_Final/Spd_RF2_900_989_5851.txt;900;989;1001;877;True;
../../Instancias/Spd_Inst_Rid_Final/Spd_RF2_900_989_5859.txt;900;989;1001;898;True;
../../Instancias/Spd_Inst_Rid_Final/Spd_RF2_900_989_5867.txt;900;989;1001;895;True;
../../Instancias/Spd_Inst_Rid_Final/Spd_RF2_900_989_5875.txt;900;989;1001;897;True;
../../Instancias/Spd_Inst_Rid_Final/Spd_RF2_900_989_5883.txt;900;989;1001;899;True;
